Box#,product,brand,class,MODEL,SIZE ,Color,SKU,UNIT,date added,PICTURE,QTY
101,HATS,TKB,CLOTHING,HATS,F,F,HATS-F-F,PIECE,,,0
102,SHORTS,TKB,ELASTICS,Ratro,4L,BKBU,SHORTSRatro-BKBU-4L,PIECE,,,0
102,SHORTS,TKB,ELASTICS,Ratro,XL,BKYW,SHORTSRatro-BKYW-XL,PIECE,,,10
102,SHORTS,TKB,ELASTICS,Ratro,4L,BKYW,SHORTSRatro-BKYW-4L,PIECE,,,0
102,SHORTS,TKB,ELASTICS,Ratro,4L,BKWH,SHORTSRatro-BKWH-4L,PIECE,,,0
102,SHORTS,TKB,ELASTICS,Ratro,4L,BKRD,SHORTSRatro-BKRD-4L,PIECE,,,1
102,SHORTS,TKB,ELASTICS,Ratro,4L,BKBK,SHORTSRatro-BKBK-4L,PIECE,,,0
102,SHORTS,TKB,ELASTICS,Ratro,L,BKWH,SHORTSRatro-BKWH-L,PIECE,,,8
102,SHORTS,TKB,ELASTICS,Ratro,L,BKBK,SHORTSRatro-BKBK-L,PIECE,,,11
102,SHORTS,TKB,ELASTICS,Ratro,L,BKYW,SHORTSRatro-BKYW-L,PIECE,,,10
102,SHORTS,TKB,ELASTICS,Ratro,L,BKRD,SHORTSRatro-BKRD-L,PIECE,,,17
102,SHORTS,TKB,ELASTICS,Ratro,L,BKBU,SHORTSRatro-BKBU-L,PIECE,,,13
102,SHORTS,TKB,ELASTICS,Ratro,XL,BKWH,SHORTSRatro-BKWH-XL,PIECE,,,19
102,SHORTS,TKB,ELASTICS,Ratro,XL,BKRD,SHORTSRatro-BKRD-XL,PIECE,,,13
102,SHORTS,TKB,ELASTICS,Ratro,XL,BKBU,SHORTSRatro-BKBU-XL,PIECE,,,15
102,SHORTS,TKB,ELASTICS,Ratro,XL,BKBK,SHORTSRatro-BKBK-XL,PIECE,,,21
102,SHORTS,TKB,ELASTICS,Ratro,XXL,BKWH,SHORTSRatro-BKWH-XXL,PIECE,,,15
102,SHORTS,TKB,ELASTICS,Ratro,XXL,BKYW,SHORTSRatro-BKYW-XXL,PIECE,,,3
102,SHORTS,TKB,ELASTICS,Ratro,XXL,BKBU,SHORTSRatro-BKBU-XXL,PIECE,,,10
102,SHORTS,TKB,ELASTICS,Ratro,XXL,BKBK,SHORTSRatro-BKBK-XXL,PIECE,,,14
102,SHORTS,TKB,ELASTICS,Ratro,XXL,BKRD,SHORTSRatro-BKRD-XXL,PIECE,,,12
102,SHORTS,TKB,ELASTICS,Ratro,XXXL,BKYW,SHORTSRatro-BKYW-XXXL,PIECE,,,0
102,SHORTS,TKB,ELASTICS,Ratro,XXXL,BKWH,SHORTSRatro-BKWH-XXXL,PIECE,,,0
102,SHORTS,TKB,ELASTICS,Ratro,XXXL,BKRD,SHORTSRatro-BKRD-XXXL,PIECE,,,0
102,SHORTS,TKB,ELASTICS,Ratro,XXXL,BKBU,SHORTSRatro-BKBU-XXXL,PIECE,,,0
102,SHORTS,TKB,ELASTICS,Ratro,XXXL,BKBK,SHORTSRatro-BKBK-XXXL,PIECE,,,0
103,SHORTS,TKB,ELASTICS,Geisha,4L,GRAPHIC,SHORTSGeisha-GRAPHIC-4L,PIECE,bc,,15
103,SHORTS,TKB,ELASTICS,Hanuman,4L,GRAPHIC,SHORTSHanuman-GRAPHIC-4L,PIECE,bc,,19
103,SHORTS,TKB,ELASTICS,Geisha,XL,GRAPHIC,SHORTSGeisha-GRAPHIC-XL,PIECE,bc,,10
103,SHORTS,TKB,ELASTICS,Geisha,L,GRAPHIC,SHORTSGeisha-GRAPHIC-L,PIECE,bc,,0
103,SHORTS,TKB,ELASTICS,Hanuman,L,GRAPHIC,SHORTSHanuman-GRAPHIC-L,PIECE,bc,,0
103,SHORTS,TKB,ELASTICS,Hanuman,XL,GRAPHIC,SHORTSHanuman-GRAPHIC-XL,PIECE,bc,,17
103,SHORTS,TKB,ELASTICS,Geisha,XXL,GRAPHIC,SHORTSGeisha-GRAPHIC-XXL,PIECE,bc,,24
103,SHORTS,TKB,ELASTICS,Hanuman,XXL,GRAPHIC,SHORTSHanuman-GRAPHIC-XXL,PIECE,bc,,23
103,SHORTS,TKB,ELASTICS,Geisha,XXXL,GRAPHIC,SHORTSGeisha-GRAPHIC-XXXL,PIECE,bc,,0
103,SHORTS,TKB,ELASTICS,Hanuman,XXXL,GRAPHIC,SHORTSHanuman-GRAPHIC-XXXL,PIECE,bc,,0
104,SHORTS,TKB,ELASTICS,202,4L,BKRD,SHORTS202-BKRD-4L,PIECE,Mar-22,,7
104,SHORTS,TKB,ELASTICS,202,4L,BKBU,SHORTS202-BKBU-4L,PIECE,bc,,6
104,SHORTS,TKB,ELASTICS,226,4L,BU,SHORTS226-BU-4L,PIECE,Mar-22,,7
104,SHORTS,TKB,ELASTICS,202,L,BKPK,SHORTS-202-BKPK-L,PIECE,bc,,0
104,SHORTS,TKB,ELASTICS,202,L,BKPK,SHORTS202-BKPK-L,PIECE,Mar-21,,1
104,SHORTS,TKB,ELASTICS,226,L,BU,SHORTS-226-BU-L,PIECE,bc,,0
104,SHORTS,TKB,ELASTICS,202,M,BKPK,SHORTS202-BKPK-M,PIECE,bc,,0
104,SHORTS,TKB,ELASTICS,202,XL,BKRD,SHORTS202-BKRD-XL,PIECE,bc,,0
104,SHORTS,TKB,ELASTICS,202,XL,BKPK,SHORTS202-BKPK-XL,PIECE,bc,,0
104,SHORTS,TKB,ELASTICS,226,XL,BU,SHORTS-226-BU-XL,PIECE,Mar-22,,1
104,SHORTS,TKB,ELASTICS,202,XXL,BKBU,SHORTS202-BKBU-XXL,PIECE,Mar-22,,3
104,SHORTS,TKB,ELASTICS,226,XXL,BU,SHORTS226-BU-XXL,PIECE,Mar-22,,3
104,SHORTS,TKB,ELASTICS,202,XXL,BKRD,SHORTS202-BKRD-XXL,PIECE,Mar-22,,1
106,EPAD,TKB,ELBOW PADS,EPAD,F,BK,EPAD-BK,PAIR,Sep-24,,141
106,EPAD,TKB,ELBOW PADS,EPAD,F,RD,EPAD-RD,PAIR,Sep-24,,116
106,ANKL,TKB,ELASTICS,ANKLE SUPPORTS,L,BK,ANKL-BK-L,PAIR,Mar-22,,6
106,ANKL,TKB,ELASTICS,ANKLE SUPPORTS,M,BK,ANKL-BK-M,PAIR,Mar-22,,16
106,ANKL,TKB,ELASTICS,ANKLE SUPPORTS,L,RD,ANKL-RD-L,PAIR,Mar-22,,0
106,ANKL,TKB,ELASTICS,ANKLE SUPPORTS,L,BU,ANKL-BU-L,PAIR,Mar-22,,0
106,BRA,TKB,CLOTHING,BRA TANK TOP,M,RDWH,BRA-RDWH-M,PIECE,Mar-22,,5
106,BRA,TKB,CLOTHING,BRA TANK TOP,S,RDWH,BRA-RDWH-S,PIECE,Mar-22,,7
106,ANKL,TKB,ELASTICS,ANKLE SUPPORTS,M,RD,ANKL-RD-M,PAIR,Mar-22,,0
106,ANKL,TKB,ELASTICS,ANKLE SUPPORTS,M,BU,ANKL-BU-M,PAIR,Mar-22,,0
106,ANKL,TKB,ELASTICS,ANKLE SUPPORTS,S,BK,ANKL-BK-S,PAIR,,,0
106,ANKL,TKB,ELASTICS,ANKLE SUPPORTS,S,RD,ANKL-RD-S,PAIR,,,0
106,ANKL,TKB,ELASTICS,ANKLE SUPPORTS,S,BU,ANKL-BU-S,PAIR,,,0
107,SAUNA,TKB,CLOTHING,SAUNA SUITS,XXL,BK,SAUNA-BK-XXL,PIECE,Mar-22,,1
107,KPED,TKB,ELASTICS,knee pad,F,BK,KPED,PAIR,bc,???,51
107,SAUNA,TKB,CLOTHING,SAUNA SUITS,L,BK,SAUNA-BK-L,PIECE,Mar-22,,3
107,SAUNA,TKB,CLOTHING,SAUNA SUITS,M,BK,SAUNA-BK-M,PIECE,Mar-22,,4
107,SAUNA,TKB,CLOTHING,SAUNA SUITS,S,BK,SAUNA-BK-S,PIECE,Mar-21,,1
107,SAUNA,TKB,CLOTHING,SAUNA SUITS,XL,BK,SAUNA-BK-XL,PIECE,Mar-22,,0
108,ROPE,TKB,ROPE,,3M,,ROPE-3M,PIECE,,,42
108,GROIN,ELSE,GROIN PROTECTOR,FABRIC,XL,BK,GROIN-FABRIC-BK-XL,PIECE,,,18
108,GROIN,ELSE,GROIN PROTECTOR,FABRIC,L,BK,GROIN-FABRIC-BK-L,PIECE,,,78
108,GROIN,ELSE,GROIN PROTECTOR,FABRIC,M,BK,GROIN-FABRIC-BK-M,PIECE,,,79
108,GROIN,TKB,GROIN PROTECTOR,METAL,M,BK,GROIN-METAL-BK-M,PIECE,,,1
108,GROIN,ELSE,GROIN PROTECTOR,FABRIC,S,BK,GROIN-FABRIC-BK-S,PIECE,,,17
108,GROIN,TKB,GROIN PROTECTOR,METAL,S,BK,GROIN-METAL-BK-S,PIECE,,,3
108,GROIN,TKB,GROIN PROTECTOR,METAL,XL,BK,GROIN-METAL-BK-XL,PIECE,,,7
110,HWR,TKB,ELASTICS,HAND WRAPS,F,RD,HWR-RD,PAIR,Mar-22,,250
110,HWR,TKB,ELASTICS,HAND WRAPS,F,PK,HWR-PK,PAIR,Mar-22,,52
110,HWR,TKB,ELASTICS,HAND WRAPS,F,BK,HWR-BK,PAIR,Mar-22,,300
110,HWR,TKB,ELASTICS,HAND WRAPS,F,BU,HWR-BU,PAIR,Mar-22,,255
110,HWR,TKB,ELASTICS,HAND WRAPS,F,WH,HWR-WH,PAIR,Mar-22,,13
112,ABDOMINAL,TKB,TRAINERS,ABDOMINAL PROTECTOR,XL,BK,ABDOMINALABDOMINAL PROTECTOR-BK-XL,PIECE,May-24,,3
112,ABDOMINAL,TKB,TRAINERS,ABDOMINAL PROTECTOR,L,BK,ABDOMINAL-BK-L,PIECE,Oct-22,,6
112,ABDOMINAL,TKB,TRAINERS,ABDOMINAL PROTECTOR,M,BK,ABDOMINAL-BK-M,PIECE,Mar-22,,5
112,ABDOMINAL,TKB,TRAINERS,ABDOMINAL PROTECTOR,S,BK,ABDOMINAL-BK-S,PIECE,May-24,,2
113,BBHB,TKB,TRAINERS,HEAVY BAG,L,BK,BBHB-BK-L,PIECE,,,5
113,BBHB,TKB,TRAINERS,HEAVY BAG,M,BK,BBHB-BK-M,PIECE,,,0
114,BBHB,TKB,TRAINERS,HEAVY BAG,XXL,BK,BBHB-BK-XXL,PIECE,,,15
114,BBHB,TKB,TRAINERS,HEAVY BAG,XL,BK,BBHB-BK-XL,PIECE,,,9
117,BBTD,TKB,TRAINERS,TEAR DROP,XXL,BKYW,BBTD-BKYW-XXL,PIECE,,,3
117,BBTD,TKB,TRAINERS,TEAR DROP,L,BKYW,BBTD-BKYW-L,PIECE,,,2
117,BBTD,TKB,TRAINERS,TEAR DROP,L,BK-RD,BBTD-BK-RD-L,PIECE,,,0
117,BBTD,TKB,TRAINERS,TEAR DROP,M,BK-YW,BBTD-BK-YW-M,PIECE,,,0
117,BBTD,TKB,TRAINERS,TEAR DROP,M,BK-RD,BBTD-BK-RD-M,PIECE,,???,0
118,BBTD,TKB,TRAINERS,TEAR DROP,XXL,BKBK,BBTD-BKBK-XXL,PIECE,,,3
118,BBTD,TKB,TRAINERS,TEAR DROP,XL,BK-YW,BBTD-BK-YW-XL,PIECE,,,2
118,BBTD,TKB,TRAINERS,TEAR DROP,XL,BK-RD,BBTD-BK-RD-XL,PIECE,,,0
118,BBTD,TKB,TRAINERS,TEAR DROP,XXL,BK-YW,BBTD-BK-YW-XXL,PIECE,,,0
118,BBTD,TKB,TRAINERS,TEAR DROP,XXL,BK-RD,BBTD-BK-RD-XXL,PIECE,,,0
120,BELLYPRO,TKB,TRAINERS,BELLY PROTECTOR,M,BK,BELLYPRO-BK-M,PIECE,,,10
120,BELLYPRO,TKB,TRAINERS,BELLY PROTECTOR,S,BK,BELLYPRO-BK-S,PIECE,,,3
121,BELLYPRO,TKB,TRAINERS,BELLY PROTECTOR,XL,BK,BELLYPRO-BK-XL,PIECE,bc,,7
121,BELLYPRO,TKB,TRAINERS,BELLY PROTECTOR,L,BK,BELLYPRO-BK-L,PIECE,bc,,9
122,BELLYPRO,TKB,TRAINERS,BELLY&THIGH PROTEC,XL,BK,BELLY&THIGH PROTEC-BK-XL,PIECE,,,1
122,BELLYPRO,TKB,TRAINERS,BELLY&THIGH PROTEC,L,BK,BELLY&THIGH PROTEC-BK-L,PIECE,,,1
122,BELLYPRO,TKB,TRAINERS,BELLY&THIGH PROTEC,M,BK,BELLY&THIGH PROTEC-BK-M,PIECE,,,1
123,BPRO,TKB,TRAINERS,Body Protector,S,BKSV,BPRO-BKSV-S,PIECE,bc,,1
123,BPRO,TKB,TRAINERS,Body Protector,M,BK,BPRO-M,PIECE,bc,,3
124,BPRO,TKB,TRAINERS,BODY PROTECTOR,L,BK,BPRO-BK-L,PIECE,Sep-24,,1
124,BPRO,TKB,TRAINERS,BODY PROTECTOR,XL,BK,BPRO-XL,PIECE,Sep-24,,0
125,FMU,TKB,TRAINERS,FOCUS MITTS,F,BK,FMU-BK,PAIR,bc,,6
125,FMP,TKB,TRAINERS,FOCUS MITTS,F,RD,FMP-RD,PAIR,bc,,3
125,FMU,TKB,TRAINERS,FOCUS MITTS,F,BU,FMU-BU,PAIR,bc,,6
125,FMU,TKB,TRAINERS,FOCUS MITTS,F,RD,FMU-RD,PAIR,bc,,6
125,FMP,TKB,TRAINERS,FOCUS MITTS,F,YW,FMP-YW,PAIR,bc,,4
125,FMP,TKB,TRAINERS,FOCUS MITTS,F,WH,FMP-WH,PAIR,bc,,3
125,FMU,TKB,TRAINERS,FOCUS MITTS,F,WH,FMU-WH,PAIR,bc,,6
125,FMP,TKB,TRAINERS,FOCUS MITTS ,F,BK,FMP-BK,PAIR,bc,,1
125,FMP,TKB,TRAINERS,FOCUS MITTS ,F,BU,FMP-BU,PAIR,bc,,3
125,FMU,TKB,TRAINERS,FOCUS MITTS,F,BKRD,FMU-BKRD,PAIR,Mar-22,,0
125,FMA,TKB,TRAINERS,FOCUS MITTS ,F,BK,FMA-BK,PAIR,bc,,5
125,FMA,TKB,TRAINERS,FOCUS MITTS ,F,WH,FMA-WH,PAIR,bc,,6
125,FMA,TKB,TRAINERS,FOCUS MITTS ,F,RD,FMA-RD,PAIR,bc,,4
125,FMA,TKB,TRAINERS,FOCUS MITTS ,F,BU,FMA-BU,PAIR,bc,,3
126,FME,TKB,TRAINERS,FOCUS MITTS,F,BKWH,FME-BKWH,PAIR,Mar-22,,5
126,FME,TKB,TRAINERS,FOCUS MITTS,F,BKBU,FME-BKBU,PAIR,Mar-22,,3
126,FME,TKB,TRAINERS,FOCUS MITTS,F,BKRD,FME-BKRD,PAIR,Oct-22,,3
126,FME,TKB,TRAINERS,FOCUS MITTS,F,BKYW,FME-BKYW,PAIR,Oct-22,,5
126,,TKB,TRAINERS,FOCUS MITTS ,F,RD,KPS-RD,PAIR,,,0
127,KPS,TKB,TRAINERS,KICKING PAD,F,BKRD,KPS-BKRD-F,PAIR,Mar-22,,2
127,KPS,TKB,TRAINERS,KICKING PAD,F,BKWH,KPS-BKWH-F,PAIR,bc,,4
127,KPS,TKB,TRAINERS,KICKING PAD,F,BKBU,KPS-BKBU-F,PAIR,Mar-22,,2
127,KPS,TKB,TRAINERS,KICKING PAD,F,BKRD,KPS-BKRD-F,PAIR,Mar-22,,1
127,KPS,TKB,TRAINERS,KICKING PAD,F,BKWH,KPS-BKWH-F,PAIR,bc,,2
127,KPS,TKB,TRAINERS,KICKING PAD,F,BKBU,KPS-BKBU-F,PAIR,Mar-22,,1
127,KPS,TKB,TRAINERS,KICKING PAD,L,BKYW,KPS-BKYW-L,PAIR,Mar-22,,0
128,WMOUNT,TKB,TRAINERS,WALL MOUNT,F,WH-BK,WMOUNT-WH-BK,PIECE,Mar-22,,0
128,WMOUNT,TKB,TRAINERS,WALL MOUNT,F,BK-YW,WMOUNTWALL MOUNT-BK-YW-F,PIECE,Sep-23,,1
130,BG,TKB,BOXING GLOVES,PRO,8,WHBKBK,BGPRO-WHBKBK-8,PAIR,Oct-22,,1
130,BG,TKB,BOXING GLOVES,PRO,8,RDWHBK,BGPRO-RDWHBK-8,PAIR,Oct-22,,4
130,BG,TKB,BOXING GLOVES,SA,8,YWWHWH,BGSA-YWWHWH-8,PAIR,Oct-22,,2
130,BG,TKB,BOXING GLOVES,SA,8,RDBKBK,BGSA-RDBKBK-8,PAIR,Oct-23,,1
130,BG,TKB,BOXING GLOVES,SA,8,BK,BGSA-BK-8,PAIR,May-24,,3
130,BG,TKB,BOXING GLOVES,SA,8,WHPKPK,BGSA-WHPKPK-8,PAIR,Oct-22,,1
130,BG,TKB,BOXING GLOVES,SA,8,WHWHBK,BGSA-WHWHBK-8,PAIR,bc,,2
130,BG,TKB,BOXING GLOVES,PRO,8,WHRDBK,BGPRO-WHRDBK-8,PAIR,Oct-22,,0
130,BG,TKB,BOXING GLOVES,SA,8,WH,BGSA-WH-8,PAIR,May-24,,1
130,BG,TKB,BOXING GLOVES,PRO,8,RDWHBK,BG-PRO-RDWHBK-8,PAIR,bc,,0
132,BG,TKB,BOXING GLOVES,SA-SEMI,10,YWBKBK,BG-SA-SEMI-YWBKBK-10,PAIR,bc,,5
132,BG,TKB,BOXING GLOVES,PRO,10,WHBKBK,BGPRO-WHBKBK-10,PAIR,Oct-22,,2
132,BG,TKB,BOXING GLOVES,PRO,10,WHRDBK,BGPRO-WHRDBK-10,PAIR,Oct-22,,1
132,BG,TKB,BOXING GLOVES,SA,10,RDBKBK,BGSA-RDBKBK-10,PAIR,Oct-22,,1
132,BG,TKB,BOXING GLOVES,SA-SEMI,10,BKWHRD,BG-SA-SEMI-BKWHRD-10,PAIR,bc,,0
133,BG,TKB,BOXING GLOVES,C-TH,10,BK,BG-C-TH-BK-10,PAIR,bc,,12
133,BG,TKB,BOXING GLOVES,C-CN,10,RD,BGC-CN-RD-10,PAIR,Mar-22,,7
133,BG,TKB,BOXING GLOVES,SA,10,RDBKBK,BGSA-RDBKBK-10,PAIR,May-24,,2
133,BG,TKB,BOXING GLOVES,BL01,10,BKRD,BGBL01-BKRD-10,PAIR,May-24,,0
133,BG,TKB,BOXING GLOVES,SA,10,BKWHRD,BGSA-BKWHRD-10,PAIR,May-24,,2
133,BG,TKB,BOXING GLOVES,SA,10,PK,BGSA-PK-10,PAIR,Sep-24,,4
133,BG,TKB,BOXING GLOVES,KN01,10,OLIVE,BGKN01-OLIVE-10,PAIR,Mar-23,,1
133,BG,TKB,BOXING GLOVES,SA,10,YWWHWH,BGSA-YWWHWH-10,PAIR,May-24,,1
133,BG,TKB,BOXING GLOVES,SA,10,BK,BGSA-BK-10,PAIR,May-24,,1
133,BG,TKB,BOXING GLOVES,SA,10,WH,BGSA-WH-10,PAIR,May-24,,0
133,BG,TKB,BOXING GLOVES,SA,10,WHRDBK,BGSA-WHRDBK-10,PAIR,May-24,,0
133,BG,TKB,BOXING GLOVES,SA,10,BKBUWH,BGSA-BKBUWH-10,PAIR,May-24,,0
133,BG,TKB,BOXING GLOVES,SA,10,WHYWBK,BGSA-WHYWBK-10,PAIR,May-24,,0
133,BG,TKB,BOXING GLOVES,SS01,10,RD,BGSS01-RD-10,PAIR,May-24,,0
133,BG,TKB,BOXING GLOVES,SS01,10,BU,BGSS01-BU-10,PAIR,May-24,,0
133,BG,TKB,BOXING GLOVES,SS01,10,SV,BGSS01-SV-10,PAIR,May-24,,0
133,BG,TKB,BOXING GLOVES,BL01,10,BKBU,BGBL01-BKBU-10,PAIR,May-24,,0
133,BG,TKB,BOXING GLOVES,BL01,10,WHBU,BGBL01-WHBU-10,PAIR,May-24,,1
133,BG,TKB,BOXING GLOVES,BL01,10,BKWH,BGBL01-BKWH-10,PAIR,May-24,,1
136,BG,TKB,BOXING GLOVES,PRO,12,WHBKBK,BGPRO-WHBKBK-12,PAIR,Oct-22,,5
136,BG,TKB,BOXING GLOVES,PRO,12,RDWHBK,BGPRO-RDWHBK-12,PAIR,Oct-22,,6
136,BG,TKB,BOXING GLOVES,PRO,12,WHRDBK,BGPRO-WHRDBK-12,PAIR,Oct-22,,5
136,BG,TKB,BOXING GLOVES,C-TH,12,BK,BG-C-TH-BK-12,PAIR,bc,,0
136,BG,TKB,BOXING GLOVES,C-CN,12,RD,BGC-CN-RD-12,PAIR,Mar-22,,0
137,BG,TKB,BOXING GLOVES,SA,12,BK,BGSA-BK-12,PAIR,Sep-24,,41
138,BG,TKB,BOXING GLOVES,SA,12,WH,BGSA-WH-12,PAIR,Sep-24,,28
139,BG,TKB,BOXING GLOVES,SA,12,BKWHRD,BGSA-BKWHRD-12,PAIR,Jan-24,,6
139,BG,TKB,BOXING GLOVES,SA,12,WHPKPK,BGSA-WHPKPK-12,PAIR,May-24,,10
139,BG,TKB,BOXING GLOVES,SA,12,PK,BGSA-PK-12,PAIR,May-24,,10
139,BG,TKB,BOXING GLOVES,SA,12,RDBKBK,BGSA-RDBKBK-12,PAIR,May-24,,2
140,BG,TKB,BOXING GLOVES,SA,12,WHYWBK,BGSA-WHYWBK-12,PAIR,May-24,,1
140,BG,TKB,BOXING GLOVES,SA,12,WHRDBK,BGSA-WHRDBK-12,PAIR,May-24,,1
140,BG,TKB,BOXING GLOVES,SA,12,BKBUWH,BGSA-BKBUWH-12,PAIR,May-24,,1
141,BG,TKB,BOXING GLOVES,SS01,12,SV,BGSS01-SV-12,PAIR,May-24,,2
141,BG,TKB,BOXING GLOVES,SS01,12,RD,BGSS01-RD-12,PAIR,May-24,,2
141,BG,TKB,BOXING GLOVES,SS01,12,BU,BGSS01-BU-12,PAIR,May-24,,2
142,BG,TKB,BOXING GLOVES,BL01,12,BKWH,BGBL01-BKWH-12,PAIR,May-24,,11
142,BG,TKB,BOXING GLOVES,BL01,12,BKRD,BGBL01-BKRD-12,PAIR,May-24,,1
142,BG,TKB,BOXING GLOVES,BL01,12,BKBU,BGBL01-BKBU-12,PAIR,May-24,,0
142,BG,TKB,BOXING GLOVES,BL01,12,WHBU,BGBL01-WHBU-12,PAIR,May-24,,1
143,BG,TKB,BOXING GLOVES,EM01,12,WHSV,BGEM01-WHSV-12,PAIR,May-24,,2
143,BG,TKB,BOXING GLOVES,EM01,12,BKSV,BGEM01-BKSV-12,PAIR,May-24,,1
143,BG,TKB,BOXING GLOVES,DRAGON,12,BK,BGDRAGON-BK-12,PAIR,May-24,,2
143,BG,TKB,BOXING GLOVES,DRAGON,12,WH,BGDRAGON-WH-12,PAIR,May-24,,3
145,BG,TKB,BOXING GLOVES,PRO,14,WHRDBK,BGPRO-WHRDBK-14,PAIR,Oct-22,,2
145,BG,TKB,BOXING GLOVES,PRO,14,RDWHBK,BGPRO-RDWHBK-14,PAIR,Oct-22,,2
145,BG,TKB,BOXING GLOVES,PRO,14,WHBKBK,BGPRO-WHBKBK-14,PAIR,Oct-22,,0
146,BG,TKB,BOXING GLOVES,SA,14,BK,BGSA-BK-14,PAIR,Sep-24,,58
149,BG,TKB,BOXING GLOVES,SA,14,WH,BGSA-WH-14,PAIR,Sep-24,,48
152,BG,TKB,BOXING GLOVES,SA,14,BKWHRD,BGSA-BKWHRD-14,PAIR,Jan-24,,15
152,BG,TKB,BOXING GLOVES,SA,14,WHPKPK,BGSA-WHPKPK-14,PAIR,May-24,,5
153,BG,TKB,BOXING GLOVES,SA,14,WHYWBK,BGSA-WHYWBK-14,PAIR,May-24,,8
153,BG,TKB,BOXING GLOVES,SA,14,BKBUWH,BGSA-BKBUWH-14,PAIR,May-24,,6
153,BG,TKB,BOXING GLOVES,SA,14,WHRDBK,BGSA-WHRDBK-14,PAIR,May-24,,7
153,BG,TKB,BOXING GLOVES,SA,14,RDBKBK,BGSA-RDBKBK-14,PAIR,May-24,,0
155,BG,TKB,BOXING GLOVES,SS01,14,BU,BGSS01-BU-14,PAIR,May-24,,5
155,BG,TKB,BOXING GLOVES,SS01,14,RD,BGSS01-RD-14,PAIR,May-24,,5
155,BG,TKB,BOXING GLOVES,SS01,14,SV,BGSS01-SV-14,PAIR,May-24,,5
157,BG,TKB,BOXING GLOVES,BL01,14,BKWH,BGBL01-BKWH-14,PAIR,May-24,,25
157,BG,TKB,BOXING GLOVES,BL01,14,WHBU,BGBL01-WHBU-14,PAIR,May-24,,10
157,BG,TKB,BOXING GLOVES,BL01,14,BKRD,BGBL01-BKRD-14,PAIR,May-24,,6
157,BG,TKB,BOXING GLOVES,BL01,14,BKBU,BGBL01-BKBU-14,PAIR,May-24,,0
158,BG,TKB,BOXING GLOVES,EM01,14,WHSV,BGEM01-WHSV-14,PAIR,May-24,,8
158,BG,TKB,BOXING GLOVES,EM01,14,BKSV,BGEM01-BKSV-14,PAIR,May-24,,10
159,BG,TKB,BOXING GLOVES,DRAGON,14,BK,BGDRAGON-BK-14,PAIR,May-24,,7
159,BG,TKB,BOXING GLOVES,DRAGON,14,WH,BGDRAGON-WH-14,PAIR,May-24,,7
160,BG,TKB,BOXING GLOVES,PRO,16,RDWHBK,BGPRO-RDWHBK-16,PAIR,Oct-22,,0
160,BG,TKB,BOXING GLOVES,PRO,16,WHRDBK,BGPRO-WHRDBK-16,PAIR,Oct-22,,5
160,BG,TKB,BOXING GLOVES,PRO,16,WHBKBK,BGPRO-WHBKBK-16,PAIR,Oct-22,,0
161,BG,TKB,BOXING GLOVES,SA,16,BK,BGSA-BK-16,PAIR,Sep-24,,38
163,BG,TKB,BOXING GLOVES,SA,16,WH,BGSA-WH-16,PAIR,Sep-24,,38
165,BG,TKB,BOXING GLOVES,SA,16,BKWHRD,BGSA-BKWHRD-16,PAIR,Jan-24,,9
165,BG,TKB,BOXING GLOVES,SA,16,WHYWBK,BGSA-WHYWBK-16,PAIR,May-24,,9
166,BG,TKB,BOXING GLOVES,SA,16,WHRDBK,BGSA-WHRDBK-16,PAIR,May-24,,5
166,BG,TKB,BOXING GLOVES,SA,16,BKBUWH,BGSA-BKBUWH-16,PAIR,May-24,,5
166,BG,TKB,BOXING GLOVES,SA,16,RDBKBK,BGSA-RDBKBK-16,PAIR,May-24,,0
167,BG,TKB,BOXING GLOVES,SS01,16,BU,BGSS01-BU-16,PAIR,May-24,,5
167,BG,TKB,BOXING GLOVES,SS01,16,SV,BGSS01-SV-16,PAIR,May-24,,5
167,BG,TKB,BOXING GLOVES,SS01,16,RD,BGSS01-RD-16,PAIR,May-24,,5
168,BG,TKB,BOXING GLOVES,BL01,16,BKRD,BGBL01-BKRD-16,PAIR,May-24,,3
168,BG,TKB,BOXING GLOVES,BL01,16,BKWH,BGBL01-BKWH-16,PAIR,May-24,,10
168,BG,TKB,BOXING GLOVES,BL01,16,WHBU,BGBL01-WHBU-16,PAIR,May-24,,1
168,BG,TKB,BOXING GLOVES,BL01,16,BKBU,BGBL01-BKBU-16,PAIR,May-24,,1
169,BG,TKB,BOXING GLOVES,EM01,16,WHSV,BGEM01-WHSV-16,PAIR,May-24,,6
169,BG,TKB,BOXING GLOVES,EM01,16,BKSV,BGEM01-BKSV-16,PAIR,May-24,,6
169,BG,TKB,BOXING GLOVES,DRAGON,16,BK,BGDRAGON-BK-16,PAIR,May-24,,4
169,BG,TKB,BOXING GLOVES,DRAGON,16,WH,BGDRAGON-WH-16,PAIR,May-24,,3
170,BG,TKB,BOXING GLOVES,SA,18,BK,BGSA-BK-18,PAIR,Sep-24,,3
170,BG,TKB,BOXING GLOVES,PRO,18,WHRDBK,BGPRO-WHRDBK-18,PAIR,Sep-25,,1
170,BG,TKB,BOXING GLOVES,SA,18,WH,BGSA-WH-18,PAIR,Sep-24,,3
172,GG,TKB,GRAPPLING GLOVE,EX,XL,WH,GGEX-WH-XL,PAIR,,,5
172,GG,TKB,GRAPPLING GLOVE,EX,L,WH,GGEX-WH-L,PAIR,,,5
172,GG,TKB,GRAPPLING GLOVE,EX,L,BK,GGEX-BK-L,PAIR,,,15
172,GG,TKB,GRAPPLING GLOVE,EX,M,WH,GGEX-WH-M,PAIR,,,5
172,GG,TKB,GRAPPLING GLOVE,EX,M,BK,GGEX-BK-M,PAIR,,,15
172,GG,TKB,GRAPPLING GLOVE,EX,S,WH,GGEX-WH-S,PAIR,,,4
172,GG,TKB,GRAPPLING GLOVE,EX,S,BK,GGEX-BK-S,PAIR,,,0
172,GG,TKB,GRAPPLING GLOVE,EX,XL,BK,GGEX-BK-XL,PAIR,,,7
173,GG,TKB,GRAPPLING GLOVE,COM,XL,WH,GGCOM-WH-XL,PAIR,,,4
173,GG,TKB,GRAPPLING GLOVE,COM,L,WH,GGCOM-WH-L,PAIR,,,8
173,GG,TKB,GRAPPLING GLOVE,COM,L,BK,GGCOM-BK-L,PAIR,,,13
173,GG,TKB,GRAPPLING GLOVE,COM,M,WH,GGCOM-WH-M,PAIR,,,7
173,GG,TKB,GRAPPLING GLOVE,COM,M,BK,GGCOM-BK-M,PAIR,,,16
173,GG,TKB,GRAPPLING GLOVE,COM,S,WH,GGCOM-WH-S,PAIR,,,4
173,GG,TKB,GRAPPLING GLOVE,COM,S,BK,GGCOM-BK-S,PAIR,,,2
173,GG,TKB,GRAPPLING GLOVE,COM,XL,BK,GGCOM-BK-XL,PAIR,,,8
175,BAGMI,TKB,BAG MITTS,MU-OT,XL,WH-RD-BK,BAGMI-MU-OT-WH-RD-BK-XL,PAIR,bc,,2
175,BAGMI,TKB,BAG MITTS,MU-OT,L,BK-WH-RD,BAGMI-MU-OT-BK-WH-RD-L,PAIR,bc,,5
175,BAGMI,TKB,BAG MITTS,MU-OT,L,WH-BK-RD,BAGMI-MU-OT-WH-BK-RD-L,PAIR,bc,,5
175,BAGMI,TKB,BAG MITTS,MU-OT,L,WH,BAGMI-MU-OT-WH-L,PAIR,bc,,5
175,BAGMI,TKB,BAG MITTS,MU-OT,L,BK,BAGMI-MU-OT-BK-L,PAIR,bc,,5
175,BAGMI,TKB,BAG MITTS,MU-OT,L,WH-RD-BK,BAGMI-MU-OT-WH-RD-BK-L,PAIR,bc,,0
175,BAGMI,TKB,BAG MITTS,MU-OT,M,BK-WH-RD,BAGMI-MU-OT-BK-WH-RD-M,PAIR,bc,,5
175,BAGMI,TKB,BAG MITTS,MU-OT,M,WH-BK-RD,BAGMI-MU-OT-WH-BK-RD-M,PAIR,bc,,5
175,BAGMI,TKB,BAG MITTS,MU-OT,M,RD-WH-BK,BAGMI-MU-OT-RD-WH-BK-M,PAIR,bc,,0
175,BAGMI,TKB,BAG MITTS,MU-OT,M,WH-RD-BK,BAGMI-MU-OT-WH-RD-BK-M,PAIR,bc,,0
175,BAGMI,TKB,BAG MITTS,MU-OT,M,BK,BAGMI-MU-OT-BK-M,PAIR,bc,,6
175,BAGMI,TKB,BAG MITTS,MU-OT,M,WH,BAGMI-MU-OT-WH-M,PAIR,bc,,6
175,BAGMI,TKB,BAG MITTS,MU-OT,S,BK,BAGMI-MU-OT-BK-S,PAIR,bc,,0
175,BAGMI,TKB,BAG MITTS,MU-OT,S,WH,BAGMI-MU-OT-WH-S,PAIR,bc,,0
175,BAGMI,TKB,BAG MITTS,MU-OT,S,RD-WH-BK,BAGMI-MU-OT-RD-WH-BK-S,PAIR,bc,,0
175,BAGMI,TKB,BAG MITTS,MU-OT,S,WH-RD-BK,BAGMI-MU-OT-WH-RD-BK-S,PAIR,bc,,0
175,BAGMI,TKB,BAG MITTS,MU-OT,S,WH-BK-RD,BAGMI-MU-OT-WH-BK-RD-S,PAIR,bc,,3
175,BAGMI,TKB,BAG MITTS,MU-OT,XL,BK-WH-RD,BAGMI-MU-OT-BK-WH-RD-XL,PAIR,bc,,7
175,BAGMI,TKB,BAG MITTS,MU-OT,XL,WH-BK-RD,BAGMI-MU-OT-WH-BK-RD-XL,PAIR,bc,,1
175,BAGMI,TKB,BAG MITTS,MU-OT,XL,BK,BAGMI-MU-OT-BK-XL,PAIR,bc,,0
175,BAGMI,TKB,BAG MITTS,MU-OT,XL,WH,BAGMI-MU-OT-WH-XL,PAIR,bc,,0
178,GMB01,TKB,GYM BAG,GYM BAG,F,GY,GMB01-GY,PIECE,,,49
181,GMB01,TKB,GYM BAG,GYM BAG,0,GN,GMB01-GN,PIECE,,,16
182,GMB02,TKB,BACKPACK,GMB-02,F,GY,GMB02-GY,PIECE,Sep-23,,28
185,GMB03,TKB,GYM BAG,GMB-04,F,RD,GMB03-RD,PIECE,Jan-24,,3
187,HG,TKB,HEAD GUARD,EC,S,RD,HGEC-RD-S,PIECE,bc,,3
187,HG,TKB,HEAD GUARD,EC,S,WH,HGEC-WH-S,PIECE,bc,,1
187,HG,TKB,HEAD GUARD,EC,S,BK,HGEC-BK-S,PIECE,Sep-24,,0
187,HG,TKB,HEAD GUARD,SS01,S,SV,HGSS01-SV-S,PIECE,May-24,,0
187,HG,TKB,HEAD GUARD,EM01,S,BKSV,HGEM01-BKSV-S,PIECE,Jan-24,,0
187,HG,TKB,HEAD GUARD,EM01,S,WHSV,HGEM01-WHSV-S,PIECE,Jan-24,,0
187,HG,TKB,HEAD GUARD,FC,S,BK,HGFC-BK-S,PIECE,Sep-24,,0
187,HG,TKB,HEAD GUARD,OC,S,BK,HGOC-BK-S,PIECE,Mar-22,,0
187,HG,TKB,HEAD GUARD,OC,S,WH,HGOC-WH-S,PIECE,May-24,,0
188,HG,TKB,HEAD GUARD,EC,M,WH,HGEC-WH-M,PIECE,bc,,9
188,HG,TKB,HEAD GUARD,EC,M,RD,HGEC-RD-M,PIECE,bc,,1
188,HG,TKB,HEAD GUARD,EC,M,BU,HGEC-BU-M,PIECE,bc,,1
188,HG,TKB,HEAD GUARD,EC,M,BK,HGEC-BK-M,PIECE,Sep-24,,10
188,HG,TKB,HEAD GUARD,FC,M,WH,HGFC-WH-M,PIECE,Sep-25,,4
188,HG,TKB,HEAD GUARD,FC,M,BK,HGFC-BK-M,PIECE,Sep-24,,3
188,HG,TKB,HEAD GUARD,SS01,M,SV,HGSS01-SV-M,PIECE,May-24,,0
188,HG,TKB,HEAD GUARD,EM01,M,WHSV,HGEM01-WHSV-M,PIECE,Jan-24,,0
188,HG,TKB,HEAD GUARD,SS01,M,RD,HGSS01-RD-M,PIECE,May-26,,1
188,HG,TKB,HEAD GUARD,EM01,M,BKSV,HGEM01-BKSV-M,PIECE,Jan-24,,1
188,HG,TKB,HEAD GUARD,OC,M,BK,HGOC-BK-M,PIECE,Mar-22,,11
188,HG,TKB,HEAD GUARD,OC,M,WH,HGOC-WH-M,PIECE,May-24,,3
188,HG,TKB,HEAD GUARD,SS01,M,BU,HGSS01-BU-M,PIECE,May-25,,2
189,HG,TKB,HEAD GUARD,EC,L,BU,HGEC-BU-L,PIECE,bc,,1
189,HG,TKB,HEAD GUARD,FC,L,WH,HGFC-WH-L,PIECE,Sep-23,,0
189,HG,TKB,HEAD GUARD,EC,L,RD,HGEC-RD-L,PIECE,bc,,1
189,HG,TKB,HEAD GUARD,EC,L,WH,HGEC-WH-L,PIECE,bc,,8
189,HG,TKB,HEAD GUARD,OC,L,WH,HGOC-WH-L,PIECE,May-24,,6
189,HG,TKB,HEAD GUARD,SS01,L,RD,HGSS01-RD-L,PIECE,May-25,,2
189,HG,TKB,HEAD GUARD,OC,L,BK,HGOC-BK-L,PIECE,Mar-22,,4
189,HG,TKB,HEAD GUARD,EC,L,BK,HGEC-BK-L,PIECE,Sep-24,,8
189,HG,TKB,HEAD GUARD,FC,L,BK,HGFC-BK-L,PIECE,Sep-24,,1
189,HG,TKB,HEAD GUARD,SS01,L,SV,HGSS01-SV-L,PIECE,May-24,,0
189,HG,TKB,HEAD GUARD,SS01,L,BU,HGSS01-BU-L,PIECE,May-26,,0
189,HG,TKB,HEAD GUARD,EM01,L,WHSV,HGEM01-WHSV-L,PIECE,Jan-24,,0
189,HG,TKB,HEAD GUARD,EM01,L,BKSV,HGEM01-BKSV-L,PIECE,Jan-24,,1
190,HG,TKB,HEAD GUARD,EC,XL,WH,HGEC-WH-XL,PIECE,bc,,0
190,HG,TKB,HEAD GUARD,EC,XL,RD,HGEC-RD-XL,PIECE,bc,,1
190,HG,TKB,HEAD GUARD,EC,XL,BU,HGEC-BU-XL,PIECE,bc,,2
190,HG,TKB,HEAD GUARD,SS01,XL,GD,HGSS01-GD-XL,PIECE,May-24,,2
190,HG,TKB,HEAD GUARD,EC,XL,BK,HGEC-BK-XL,PIECE,Sep-24,,0
190,HG,TKB,HEAD GUARD,FC,XL,BK,HGFC-BK-XL,PIECE,Sep-24,,0
190,HG,TKB,HEAD GUARD,EM01,XL,WHSV,HGEM01-WHSV-XL,PIECE,Jan-24,,0
190,HG,TKB,HEAD GUARD,EM01,XL,BKSV,HGEM01-BKSV-XL,PIECE,Jan-24,,1
190,HG,TKB,HEAD GUARD,OC,XL,BK,HGOC-BK-XL,PIECE,Mar-22,,2
190,HG,TKB,HEAD GUARD,OC,XL,WH,HGOC-WH-XL,PIECE,May-24,,0
190,HG,TKB,HEAD GUARD,OC,XL,BKWHRD,HGOC-BKWHRD-XL,PIECE,Mar-21,,1
191,SG,TKB,SHIN GUARDS,GL,S,WH,SGGL-WH-S,PAIR,May-24,,16
191,SG,TKB,SHIN GUARDS,BL01,S,WHBU,SGBL01-WHBU-S,PAIR,May-24,,6
191,SG,TKB,SHIN GUARDS,BL01,S,BKWH,SGBL01-BKWH-S,PAIR,Sep-24,,2
191,SG,TKB,SHIN GUARDS,GL,S,BK,SGGL-BK-S,PAIR,Sep-24,,9
191,SG,TKB,SHIN GUARDS,BL01,S,WHBK,SGBL01-WHBK-S,PAIR,May-24,,2
191,SG,TKB,SHIN GUARDS,BL01,S,BKRD,SGBL01-BKRD-S,PAIR,Sep-24,,0
191,SG,TKB,SHIN GUARDS,GL,S,YW,SGGL-YW-S,PAIR,May-24,,0
191,SG,TKB,SHIN GUARDS,GL,S,RD,SGGL-RD-S,PAIR,May-24,,0
191,SG,TKB,SHIN GUARDS,GL,S,BU,SGGL-BU-S,PAIR,May-24,,0
191,SG,TKB,SHIN GUARDS,EM01,S,WHSV,SGEM01-WHSV-S,PAIR,May-24,,0
191,SG,TKB,SHIN GUARDS,EM02,S,BKSV,SGEM02-BKSV-S,PAIR,May-24,,0
191,SG,TKB,SHIN GUARDS,SS01,S,RD,SGSS01-RD-S,PAIR,May-24,,0
191,SG,TKB,SHIN GUARDS,SS01,S,BU,SGSS01-BU-S,PAIR,May-24,,0
191,SG,TKB,SHIN GUARDS,SS01,S,SV,SGSS01-SV-S,PAIR,May-24,,0
191,SG,TKB,SHIN GUARDS,BL01,S,BKBU,SGBL01-BKBU-S,PAIR,May-25,,0
191,SG,TKB,SHIN GUARDS,GL,S,PK,SGGL-PK-S,PAIR,Sep-24,,3
191,SG,TKB,SHIN GUARDS,KN-01,S,olive,SGKN-01-olive-S,PAIR,bc,???,1
194,SG,TKB,SHIN GUARDS,GL,M,YW,SGGL-YW-M,PAIR,May-24,,4
194,SG,TKB,SHIN GUARDS,GL,M,RD,SGGL-RD-M,PAIR,May-24,,4
194,SG,TKB,SHIN GUARDS,GL,M,PK,SGGL-PK-M,PAIR,May-24,,8
194,SG,TKB,SHIN GUARDS,GL,M,BU,SGGL-BU-M,PAIR,May-24,,4
195,SG,TKB,SHIN GUARDS,GL,M,WH,SGGL-WH-M,PAIR,Sep-24,,57
197,SG,TKB,SHIN GUARDS,GL,M,BK,SGGL-BK-M,PAIR,Sep-24,,39
198,SG,TKB,SHIN GUARDS,GL,M,BK,SGGL-BK-M,PAIR,Sep-24,,5
200,SG,TKB,SHIN GUARDS,BL01,M,WHBU,SGBL01-WHBU-M,PAIR,May-24,,11
200,SG,TKB,SHIN GUARDS,BL01,M,BKWH,SGBL01-BKWH-M,PAIR,May-24,,11
200,SG,TKB,SHIN GUARDS,BL01,M,WHBK,SGBL01-WHBK-M,PAIR,May-24,,2
200,SG,TKB,SHIN GUARDS,BL01,M,BKBU,SGBL01-BKBU-M,PAIR,Jan-24,,1
200,SG,TKB,SHIN GUARDS,CCN,M,RD,SGCCN-RD-M,PAIR,Jan-23,,1
200,SG,TKB,SHIN GUARDS,BL01,M,BKRD,SGBL01-BKRD-M,PAIR,May-24,,1
202,SG,TKB,SHIN GUARDS,SS01,M,BU,SGSS01-BU-M,PAIR,Jan-24,,3
202,SG,TKB,SHIN GUARDS,SS01,M,SV,SGSS01-SV-M,PAIR,May-24,,8
202,SG,TKB,SHIN GUARDS,SS01,M,BU,SGSS01-BU-M,PAIR,May-24,,0
202,SG,TKB,SHIN GUARDS,EM01,M,WHSV,SGEM01-WHSV-M,PAIR,May-24,,2
202,SG,TKB,SHIN GUARDS,KN01,M,OLIVE,SGKN01-OLIVE-M,PAIR,May-25,,0
202,SG,TKB,SHIN GUARDS,SS01,M,RD,SGSS01-RD-M,PAIR,Jan-24,,4
202,SG,TKB,SHIN GUARDS,EM01,M,BKSV,SGEM01-BKSV-M,PAIR,May-24,,2
204,SG,TKB,SHIN GUARDS,BL01,L,WHBU,SGBL01-WHBU-L,PAIR,May-24,,10
204,SG,TKB,SHIN GUARDS,BL01,L,BKWH,SGBL01-BKWH-L,PAIR,May-24,,14
204,SG,TKB,SHIN GUARDS,BL01,L,WHBK,SGBL01-WHBK-L,PAIR,May-24,,1
204,SG,TKB,SHIN GUARD,BL01,L,BKBU,SGBL01-BKBU-L,PAIR,Jan-24,,0
204,SG,TKB,SHIN GUARDS,BL01,L,BKRD,SGBL01-BKRD-L,PAIR,May-24,,1
206,SG,TKB,SHIN GUARDS,GL,L,WH,SGGL-WH-L,PAIR,Sep-24,,41
208,SG,TKB,SHIN GUARDS,GL,L,BK,SGGL-BK-L,PAIR,Sep-24,,41
211,SG,TKB,SHIN GUARDS,GL,L,BU,SGGL-BU-L,PAIR,May-24,,6
211,SG,TKB,SHIN GUARDS,GL,L,RD,SGGL-RD-L,PAIR,May-24,,5
211,SG,TKB,SHIN GUARDS,GL,L,PK,SGGL-PK-L,PAIR,May-24,,3
211,SG,TKB,SHIN GUARDS,GL,L,YW,SGGL-YW-L,PAIR,May-24,,6
212,SG,TKB,SHIN GUARDS,SS01,L,RD,SGSS01-RD-L,PAIR,Jan-24,,3
212,SG,TKB,SHIN GUARDS,EM01,L,WHSV,SGEM01-WHSV-L,PAIR,May-24,,6
212,SG,TKB,SHIN GUARDS,EM01,L,BKSV,SGEM01-BKSV-L,PAIR,May-24,,4
212,SG,TKB,SHIN GUARDS,SS01,L,SV,SGSS01-SV-L,PAIR,May-24,,7
212,SG,TKB,SHIN GUARDS,SS01,L,BU,SGSS01-BU-L,PAIR,May-24,,5
214,SG,TKB,SHIN GUARDS,GL,XL,WH,SGGL-WH-XL,PAIR,Sep-24,,22
214,SG,TKB,SHIN GUARDS,GL,XL,BK,SGGL-BK-XL,PAIR,Sep-24,,23
216,SG,TKB,SHIN GUARDS,SS01,XL,BU,SGSS01-BU-XL,PAIR,May-24,,1
216,SG,TKB,SHIN GUARD,BL01,XL,BKBU,SGBL01-BKBU-XL,PAIR,Jan-24,,0
216,SG,TKB,SHIN GUARD,SS01,XL,RD,SGSS01-RD-XL,PAIR,Jan-24,,1
216,SG,TKB,SHIN GUARDS,EM01,XL,WHSV,SGEM01-WHSV-XL,PAIR,May-24,,0
216,SG,TKB,SHIN GUARDS,BL01,XL,BKWH,SGBL01-BKWH-XL,PAIR,May-24,,0
216,SG,TKB,SHIN GUARD,SS01,XL,BU,SGSS01-BU-XL,PAIR,Jan-24,,1
216,SG,TKB,SHIN GUARDS,BL01,XL,BKRD,SGBL01-BKRD-XL,PAIR,May-24,,1
216,SG,TKB,SHIN GUARDS,SS01,XL,SV,SGSS01-SV-XL,PAIR,May-24,,1
216,SG,TKB,SHIN GUARDS,GL,XL,RD,SGGL-RD-XL,PAIR,May-24,,0
216,SG,TKB,SHIN GUARDS,GL,XL,PK,SGGL-PK-XL,PAIR,May-24,,0
216,SG,TKB,SHIN GUARDS,GL,XL,BU,SGGL-BU-XL,PAIR,May-24,,0
216,SG,TKB,SHIN GUARDS,GL,XL,YW,SGGL-YW-XL,PAIR,May-24,,0
216,SG,TKB,SHIN GUARDS,EM01,XL,BKSV,SGEM01-BKSV-XL,PAIR,May-24,,1
216,SG,TKB,SHIN GUARDS,BL01,XL,WHBU,SGBL01-WHBU-XL,PAIR,May-24,,0
216,SG,TKB,SHIN GUARDS,BL01,XL,WHBK,SGBL01-WHBK-XL,PAIR,May-24,,1
217,SG,TKB,SHIN GUARDS,CTH,XL,BU,SGCTH-BU-XL,PAIR,May-26,,4
217,SG,TKB,SHIN GUARDS,SEMI,XL,WHGD,SGSEMI-WHGD-XL,PAIR,May-27,,1
217,SG,TKB,SHIN GUARDS,CCN,XL,RD,SGCCN-RD-XL,PAIR,May-25,,8
277,BG,OSO,BOXING GLOVES,OSO,14,WH,BG-OSO-WH-14,PAIR,bc,,1
277,BG,OSO,BOXING GLOVES,OSO,16,BK,BG-OSO-BK-16,PAIR,bc,,0
278,BG,OSO,BOXING GLOVES,OSO,16,WH,BG-OSO-WH-16,PAIR,bc,,0
279,SG,OSO,SHIN GUARD,OSO,L,BK,SG-OSO-BK-L,PAIR,bc,,0
279,SG,OSO,SHIN GUARD,OSO,L,RD,SG-OSO-RD-L,PAIR,bc,,0
279,SG,OSO,SHIN GUARD,OSO,M,BK,SG-OSO-BK-M,PAIR,bc,,0
279,SG,OSO,SHIN GUARD,OSO,M,RD,SG-OSO-RD-M,PAIR,bc,,0
279,SG,OSO,SHIN GUARD,OSO,S,BK,SG-OSO-BK-S,PAIR,bc,,0
279,SG,OSO,SHIN GUARD,OSO,S,RD,SG-OSO-RD-S,PAIR,bc,,0
279,SG,OSO,SHIN GUARD,OSO,XL,BK,SG-OSO-BK-XL,PAIR,bc,,0
279,SG,OSO,SHIN GUARD,OSO,XL,RD,SG-OSO-RD-XL,PAIR,bc,,0
281,BBHB,OSO,TRAINERS,HEAVY BAG,F,BK,BBHB-BK-F,PIECE,bc,,0
281,BS,OSO,BOXING SHOES,OSO,F,,BS-OSO-F,PAIR,bc,,0
282,SG,OSO,SHIN GUARD,OSO,M,RD-WH,SG-OSO-RD-WH-M,PAIR,,,5
282,BELT,OSO,CLOTHING,BELT,A2,WH,,,bc,,0
282,mouth guard,OSO,MG,OSO,ONE_SIDE,F,MG-OSO-ONE_SIDE,PIECE,bc,,0
282,SHORTS,OSO,ELASTICS,MMA,S,BK,SHORTS-MMA-S,PIECE,bc,,0
282,RASH GUARD,OSO,CLOTHING,RASH GUARD,S,BK,,,bc,,0
282,TIGHTS,OSO,CLOTHING,TIGHTS,S,BK,,,bc,,0
282,GROIN,OSO,GROIN PROTECTOR,FABRIC,XL,WH,GROIN-FABRIC-WH-XL,PIECE,bc,,0
283,SG,OSO,SHIN GUARD,OSO,M,BK,SG-OSO-BK-M,PAIR,,,17
284,BG,OSO,BOXING GLOVES,OSO,16,WH,BG-OSO-WH-16,PAIR,bc,,10
284,BBHB,OSO,HEAVY BAG,OSO,F,BK,BBHB-OSO-BK-F,PAIR,bc,,4
285,BG,OSO,BOXING GLOVES,OSO,16,BK,BG-OSO-BK-16,PAIR,bc,,12
286,BG,OSO,BOXING GLOVES,OSO,14,BK,BG-OSO-BK-14,PAIR,bc,,7
287,BG,OSO,BOXING GLOVES,OSO,12,BK,BG-OSO-BK-12,PAIR,bc,,16
288,BG,OSO,BOXING GLOVES,OSO,12,WH,BG-OSO-WH-12,PAIR,bc,,31
298,RASH GUARD,RDX,ELASTICS,T15BF,XL,BK,RASH GUARDT15BF-BK-XL,PIECE,Oct-23,,25
298,RASH GUARD,RDX,ELASTICS,T15BF,L,BK,RASH GUARDT15BF-BK-L,PIECE,Oct-23,,25
298,RASH GUARD,RDX,ELASTICS,T15BF,M,BK,RASH GUARDT15BF-BK-M,PIECE,Oct-23,,15
298,RASH GUARD,RDX,ELASTICS,T15BF,S,BK,RASH GUARDT15BF-BK-S,PIECE,Oct-23,,16
298,RASH GUARD,RDX,ELASTICS,T15BF,XS,BK,RASH GUARDT15BF-BK-XS,PIECE,Oct-23,,18
298,RASH GUARD,RDX,ELASTICS,T15BF,XXL,BK,RASH GUARDT15BF-BK-XXL,PIECE,Oct-23,,17
298,RASH GUARD,RDX,ELASTICS,T15BF,XXXL,BK,RASH GUARDT15BF-BK-XXXL,PIECE,Oct-23,,17
299,RASH GUARD,RDX,ELASTICS,T15BH,XL,BK,RASH GUARDT15BH-BK-XL,PIECE,Oct-23,,23
299,RASH GUARD,RDX,ELASTICS,T15BH,L,BK,RASH GUARDT15BH-BK-L,PIECE,Oct-23,,23
299,RASH GUARD,RDX,ELASTICS,T15BH,M,BK,RASH GUARDT15BH-BK-M,PIECE,Oct-23,,13
299,RASH GUARD,RDX,ELASTICS,T15BH,S,BK,RASH GUARDT15BH-BK-S,PIECE,Oct-23,,16
299,RASH GUARD,RDX,ELASTICS,T15BH,XS,BK,RASH GUARDT15BH-BK-XS,PIECE,Oct-23,,18
299,RASH GUARD,RDX,ELASTICS,T15BH,XXL,BK,RASH GUARDT15BH-BK-XXL,PIECE,Oct-23,,16
299,RASH GUARD,RDX,ELASTICS,T15BH,XXXL,BK,RASH GUARDT15BH-BK-XXXL,PIECE,Oct-23,,16
300,SHORTS,RDX,ELASTICS,MMA,XL,BK,SHORTSMMA-BK-XL,PIECE,Oct-23,,18
300,SHORTS,RDX,ELASTICS,MMA,M,BK,SHORTSMMA-BK-M,PIECE,Oct-23,,23
300,SHORTS,RDX,ELASTICS,MMA,S,BK,SHORTSMMA-BK-S,PIECE,Oct-23,,17
300,SHORTS,RDX,ELASTICS,MMA,XXL,BK,SHORTSMMA-BK-XXL,PIECE,Oct-23,,17
300,SHORTS,RDX,ELASTICS,MMA,XS,BK,SHORTSMMA-BK-XS,PIECE,Oct-23,,0
300,SHORTS,RDX,ELASTICS,MMA,XXXL,BK,SHORTSMMA-BK-XXXL,PIECE,Oct-23,,18
301,SHORTS,RDX,ELASTICS,MMA,XS,BK,SHORTSMMA-BK-XS,PIECE,Oct-23,,18
301,SHORTS,RDX,ELASTICS,MMA,L,BK,SHORTSMMA-BK-L,PIECE,Oct-23,,23
301,SHORTS,RDX,ELASTICS,MMA,M,BK,SHORTSMMA-BK-M,PIECE,Oct-23,,0
301,SHORTS,RDX,ELASTICS,MMA,S,BK,SHORTSMMA-BK-S,PIECE,Oct-23,,0
301,SHORTS,RDX,ELASTICS,MMA,XL,BK,SHORTSMMA-BK-XL,PIECE,Oct-23,,0
301,SHORTS,RDX,ELASTICS,MMA,XXL,BK,SHORTSMMA-BK-XXL,PIECE,Oct-23,,0
301,SHORTS,RDX,ELASTICS,MMA,XXXL,BK,SHORTSMMA-BK-XXXL,PIECE,Oct-23,,0
521,BG,FS,BOXING GLOVES,CLASSIC,10,WH,BGCLASSIC-WH-10,PAIR,Mar-24,,9
521,BG,FS,BOXING GLOVES,CLASSIC,10,BK,BGCLASSIC-BK-10,PAIR,Mar-24,,11
521,BG,FS,BOXING GLOVES,CLASSIC,10,TEAL,BGCLASSIC-TEAL-10,PAIR,Mar-24,,5
521,BG,FS,BOXING GLOVES,CLASSIC,10,MAROON,BGCLASSIC-MAROON-10,PAIR,Mar-24,,5
521,BG,FS,BOXING GLOVES,CLASSIC,10,POWDER PINK,BGCLASSIC-POWDER PINK-10,PAIR,Mar-24,,6
521,BG,FS,BOXING GLOVES,CLASSIC,10,PK,BGCLASSIC-PK-10,PAIR,Mar-24,,2
521,BG,FS,BOXING GLOVES,CLASSIC,10,BU,BGCLASSIC-BU-10,PAIR,Mar-24,,0
521,BG,FS,BOXING GLOVES,CLASSIC,10,RD,BGCLASSIC-RD-10,PAIR,Mar-24,,0
521,BG,FS,BOXING GLOVES,CLASSIC SEMI,10,PALE GREEN,BGCLASSIC SEMI-PALE GREEN-10,PAIR,Mar-24,,0
522,BG,FS,BOXING GLOVES,CLASSIC,12,WH,BGCLASSIC-WH-12,PAIR,Mar-24,,16
524,BG,FS,BOXING GLOVES,CLASSIC,12,BK,BGCLASSIC-BK-12,PAIR,Mar-24,,20
526,BG,FS,BOXING GLOVES,CLASSIC,12,MAROON,BGCLASSIC-MAROON-12,PAIR,Mar-24,,2
526,BG,FS,BOXING GLOVES,CLASSIC,12,LBU,BGCLASSIC-LBU-12,PAIR,Mar-24,,9
526,BG,FS,BOXING GLOVES,CLASSIC,12,PK,BGCLASSIC-PK-12,PAIR,Mar-24,,4
526,BG,FS,BOXING GLOVES,CLASSIC,12,RD,BGCLASSIC-RD-12,PAIR,Mar-24,,3
526,BG,FS,BOXING GLOVES,CLASSIC,12,TEAL,BGCLASSIC-TEAL-12,PAIR,Mar-24,,5
526,BG,FS,BOXING GLOVES,CLASSIC,12,BU,BGCLASSIC-BU-12,PAIR,Mar-24,,3
526,BG,FS,BOXING GLOVES,CLASSIC,12,POWDER PINK,BGCLASSIC-POWDER PINK-12,PAIR,Mar-24,,7
528,BG,FS,BOXING GLOVES,CLASSIC,14,BK,BGCLASSIC-BK-14,PAIR,Mar-24,,47
531,BG,FS,BOXING GLOVES,CLASSIC,14,WH,BGCLASSIC-WH-14,PAIR,Mar-24,,45
533,BG,FS,BOXING GLOVES,CLASSIC,14,RD,BGCLASSIC-RD-14,PAIR,Mar-24,,16
534,BG,FS,BOXING GLOVES,CLASSIC,14,BU,BGCLASSIC-BU-14,PAIR,Mar-24,,9
535,BG,FS,BOXING GLOVES,CLASSIC,14,LBU,BGCLASSIC-LBU-14,PAIR,Mar-24,,23
535,BG,FS,BOXING GLOVES,CLASSIC,14,PK,BGCLASSIC-PK-14,PAIR,Mar-24,,6
535,BG,FS,BOXING GLOVES,CLASSIC,14,FPK,BGCLASSIC-FPK-14,PAIR,Mar-25,,1
535,BG,FS,BOXING GLOVES,CLASSIC,14,PALE GREEN,BGCLASSIC-PALE GREEN-14,PAIR,Mar-25,,1
535,BG,FS,BOXING GLOVES,CLASSIC,14,MAROON,BGCLASSIC-MAROON-14,PAIR,Mar-24,,17
535,BG,FS,BOXING GLOVES,CLASSIC,14,TEAL,BGCLASSIC-TEAL-14,PAIR,Mar-24,,15
535,BG,FS,BOXING GLOVES,CLASSIC,14,POWDER PINK,BGCLASSIC-POWDER PINK-14,PAIR,Mar-24,,5
537,BG,FS,BOXING GLOVES,CLASSIC,16,BK,BGCLASSIC-BK-16,PAIR,Mar-24,,29
539,BG,FS,BOXING GLOVES,CLASSIC,16,WH,BGCLASSIC-WH-16,PAIR,Mar-24,,26
539,BG,FS,BOXING GLOVES,CLASSIC,18,WH,BGCLASSIC-WH-18,PAIR,Mar-25,,1
541,BG,FS,BOXING GLOVES,CLASSIC,16,MAROON,BGCLASSIC-MAROON-16,PAIR,Mar-24,,6
541,BG,FS,BOXING GLOVES,CLASSIC,16,TEAL,BGCLASSIC-TEAL-16,PAIR,Mar-24,,6
541,BG,FS,BOXING GLOVES,CLASSIC,16,LBU,BGCLASSIC-LBU-16,PAIR,Mar-24,,6
541,BG,FS,BOXING GLOVES,CLASSIC,16,POWDER PINK,BGCLASSIC-POWDER PINK-16,PAIR,Mar-24,,0
541,BG,FS,BOXING GLOVES,CLASSIC,16,BU,BGCLASSIC-BU-16,PAIR,Mar-24,,0
541,BG,FS,BOXING GLOVES,CLASSIC,16,RD,BGCLASSIC-RD-16,PAIR,Mar-24,,0
541,BG,FS,BOXING GLOVES,CLASSIC,18,BK,BGCLASSIC-BK-18,PAIR,Mar-25,,2
542,SG,FS,SHIN GUARD,CLASSIC,S,BK,SGCLASSIC-BK-S,PAIR,Mar-24,,4
544,SG,FS,SHIN GUARD,CLASSIC,S,LBU,SGCLASSIC-LBU-S,PAIR,Mar-24,,6
544,SG,FS,SHIN GUARD,CLASSIC,S,POWDER PINK,SGCLASSIC-POWDER PINK-S,PAIR,Mar-24,,6
544,SG,FS,SHIN GUARD,CLASSIC,S,MAROON,SGCLASSIC-MAROON-S,PAIR,Mar-24,,3
544,SG,FS,SHIN GUARD,CLASSIC,S,WH,SGCLASSIC-WH-S,PAIR,Mar-24,,7
544,SG,FS,SHIN GUARD,CLASSIC,S,RD,SGCLASSIC-RD-S,PAIR,Mar-24,,3
544,SG,FS,SHIN GUARD,CLASSIC,S,FPK,SGCLASSIC-FPK-S,PAIR,Mar-24,,1
544,SG,FS,SHIN GUARD,CLASSIC,S,BU,SGCLASSIC-BU-S,PAIR,Mar-24,,0
544,SG,FS,SHIN GUARD,CLASSIC,S,PALE GREEN,SGCLASSIC-PALE GREEN-S,PAIR,Mar-25,,1
544,SG,FS,SHIN GUARD,CLASSIC,S,TEAL,SGCLASSIC-TEAL-S,PAIR,Mar-24,,2
545,SG,FS,SHIN GUARD,CLASSIC,M,BK,SGCLASSIC-BK-M,PAIR,Mar-24,,30
548,SG,FS,SHIN GUARD,CLASSIC,M,WH,SGCLASSIC-WH-M,PAIR,Mar-24,,32
551,SG,FS,SHIN GUARD,CLASSIC,M,BU,SGCLASSIC-BU-M,PAIR,Mar-24,,0
552,SG,FS,SHIN GUARD,CLASSIC,M,LBU,SGCLASSIC-LBU-M,PAIR,Mar-24,,13
552,SG,FS,SHIN GUARD,CLASSIC,M,POWDER PINK,SGCLASSIC-POWDER PINK-M,PAIR,Mar-24,,10
552,SG,FS,SHIN GUARD,CLASSIC,M,MAROON,SGCLASSIC-MAROON-M,PAIR,Mar-24,,9
552,SG,FS,SHIN GUARD,CLASSIC,M,RD,SGCLASSIC-RD-M,PAIR,Mar-24,,1
552,SG,FS,SHIN GUARD,CLASSIC,M,PK,SGCLASSIC-PK-M,PAIR,Mar-24,,5
552,SG,FS,SHIN GUARD,CLASSIC,M,TEAL,SGCLASSIC-TEAL-M,PAIR,Mar-24,,8
554,SG,FS,SHIN GUARD,CLASSIC,L,BK,SGCLASSIC-BK-L,PAIR,Mar-24,,27
557,SG,FS,SHIN GUARD,CLASSIC,L,WH,SGCLASSIC-WH-L,PAIR,Mar-24,,21
560,SG,FS,SHIN GUARD,CLASSIC,L,RD,SGCLASSIC-RD-L,PAIR,Mar-24,,1
560,SG,FS,SHIN GUARD,CLASSIC,L,BU,SGCLASSIC-BU-L,PAIR,Mar-24,,5
561,SG,FS,SHIN GUARD,CLASSIC,L,PK,SGCLASSIC-PK-L,PAIR,Mar-24,,5
561,SG,FS,SHIN GUARD,CLASSIC,L,LBU,SGCLASSIC-LBU-L,PAIR,Mar-24,,11
561,SG,FS,SHIN GUARD,CLASSIC,L,POWDER PINK,SGCLASSIC-POWDER PINK-L,PAIR,Mar-24,,10
561,SG,FS,SHIN GUARD,CLASSIC,L,TEAL,SGCLASSIC-TEAL-L,PAIR,Mar-24,,11
561,SG,FS,SHIN GUARD,CLASSIC,L,MAROON,SGCLASSIC-MAROON-L,PAIR,Mar-24,,12
563,SG,FS,SHIN GUARD,CLASSIC,XL,BK,SGCLASSIC-BK-XL,PAIR,Mar-24,,13
564,SG,FS,SHIN GUARD,CLASSIC,XL,WH,SGCLASSIC-WH-XL,PAIR,Mar-24,,15
565,SG,FS,SHIN GUARD,CLASSIC,XL,MAROON,SGCLASSIC-MAROON-XL,PAIR,Mar-24,,4
565,SG,FS,SHIN GUARD,CLASSIC,XL,LBU,SGCLASSIC-LBU-XL,PAIR,Mar-24,,0
565,SG,FS,SHIN GUARD,CLASSIC,XL,POWDER PINK,SGCLASSIC-POWDER PINK-XL,PAIR,Mar-24,,
565,SG,FS,SHIN GUARD,CLASSIC,XL,TEAL,SGCLASSIC-TEAL-XL,PAIR,Mar-24,,
565,SG,FS,SHIN GUARD,CLASSIC,XL,BU,SGCLASSIC-BU-XL,PAIR,Mar-24,,1
565,SG,FS,SHIN GUARD,CLASSIC,XL,RD,SGCLASSIC-RD-XL,PAIR,Mar-24,,1
567,BP,FS,BACKPACK,BACKPACK,F,BK,BPBACKPACK-BK,PAIR,Mar-24,,24
568,BP,FS,BACKPACK,BACKPACK,F,GY,BPBACKPACK-GY,PAIR,Mar-24,,5
570,HG,FS,HEAD GUARD,FC,S,BK,HGFC-BK-S,PAIR,Mar-24,,1
570,HG,FS,HEAD GUARD,FC,S,WH,HGFC-WH-S,PAIR,Mar-24,,0
570,HG,FS,HEAD GUARD,FC,XL,BK,HGFC-BK-XL,PAIR,Mar-24,,1
570,HG,FS,HEAD GUARD,FC,XL,WH,HGFC-WH-XL,PAIR,Mar-24,,0
571,HG,FS,HEAD GUARD,FC,L,BK,HGFC-BK-L,PAIR,Mar-24,,8
571,HG,FS,HEAD GUARD,FC,L,WH,HGFC-WH-L,PAIR,Mar-24,,7
571,HG,FS,HEAD GUARD,FC,M,BK,HGFC-BK-M,PAIR,Mar-24,,6
571,HG,FS,HEAD GUARD,FC,M,WH,HGFC-WH-M,PAIR,Mar-24,,3
573,KPS,FS,KICKING PADS,DOUBLE,F,BK,KPSDOUBLE-BK-F,PAIR,Mar-24,,0
573,KPS,FS,KICKING PADS,SINGLE,F,BK,KPSSINGLE-BK-F,PAIR,Mar-24,,0
574,KPS,FS,KICKING PADS,DOUBLE,F,WH,KPSDOUBLE-WH-F,PAIR,Mar-24,,3
574,KPS SEMI,FS,KICKING PADS,DOUBLE,F,PALE GREEN,KPS SEMIDOUBLE-PALE GREEN-F,PAIR,Mar-23,,7
574,KPS,FS,KICKING PADS,DOUBLE,F,BK,KPSDOUBLE-BK-F,PAIR,Mar-24,,5
574,KPS,FS,KICKING PADS,SINGLE,F,WH,KPSSINGLE-WH-F,PAIR,Mar-24,,0
574,KPS,FS,KICKING PADS,SINGLE,F,BK,KPSSINGLE-BK-F,PAIR,Mar-24,,0
576,HB,FS,HEAVY BAG,HEAVY BAG,XL,BK,HBHEAVY BAG-BK-XL,PAIR,Mar-25,,5
577,HB,FS,HEAVY BAG,HEAVY BAG,XXL,BK,HBHEAVY BAG-BK-XXL,PAIR,Mar-26,,6
579,SHORTS,FS,SHORTS,CLASSIC,L,BK,SHORTSCLASSIC-BK-L,PAIR,Mar-24,,15
579,SHORTS,FS,SHORTS,CLASSIC,L,BKBU,SHORTSCLASSIC-BKBU-L,PAIR,Mar-25,,10
579,SHORTS,FS,SHORTS,CLASSIC,L,NAVY BLUE,SHORTSCLASSIC-NAVY BLUE-L,PAIR,Mar-25,,7
579,SHORTS,FS,SHORTS,CLASSIC,L,CREAM,SHORTSCLASSIC-CREAM-L,PAIR,Mar-24,,12
579,SHORTS,FS,SHORTS,CLASSIC,L,CREAM,SHORTSCLASSIC-CREAM-L,PAIR,Mar-24,,10
579,SHORTS,FS,SHORTS,IRON MAN,L,GRAY,SHORTSIRON MAN-GRAY-L,PAIR,Mar-24,,13
579,SHORTS,FS,SHORTS,CLASSIC,L,GN,SHORTSCLASSIC-GN-L,PAIR,Mar-24,,14
579,SHORTS,FS,SHORTS,CLASSIC,L,LIGHT BLUE,SHORTSCLASSIC-LIGHT BLUE-L,PAIR,Mar-24,,3
579,SHORTS,FS,SHORTS,CLASSIC,M,BKBU,SHORTSCLASSIC-BKBU-M,PAIR,Mar-25,,9
579,SHORTS,FS,SHORTS,CLASSIC,M,BK,SHORTSCLASSIC-BK-M,PAIR,Mar-24,,6
579,SHORTS,FS,SHORTS,IRON MAN,M,GRAY,SHORTSIRON MAN-GRAY-M,PAIR,Mar-25,,11
579,SHORTS,FS,SHORTS,CLASSIC,M,CREAM,SHORTSCLASSIC-CREAM-M,PAIR,Mar-24,,10
579,SHORTS,FS,SHORTS,CLASSIC,M,GN,SHORTSCLASSIC-GN-M,PAIR,Mar-24,,21
579,SHORTS,FS,SHORTS,CLASSIC,M,NAVY BLUE,SHORTSCLASSIC-NAVY BLUE-M,PAIR,Mar-25,,10
579,SHORTS,FS,SHORTS,CLASSIC,M,CREAM,SHORTSCLASSIC-CREAM-M,PAIR,Mar-24,,14
579,SHORTS,FS,SHORTS,CLASSIC,M,LIGHT BLUE,SHORTSCLASSIC-LIGHT BLUE-M,PAIR,Mar-24,,3
579,SHORTS,FS,SHORTS,CLASSIC,S,BK,SHORTSCLASSIC-BK-S,PAIR,Mar-24,,0
579,SHORTS,FS,SHORTS,CLASSIC,S,LIGHT BLUE,SHORTSCLASSIC-LIGHT BLUE-S,PAIR,Mar-24,,0
579,SHORTS,FS,SHORTS,CLASSIC,S,GN,SHORTSCLASSIC-GN-S,PAIR,Mar-24,,0
579,SHORTS,FS,SHORTS,CLASSIC,S,CREAM,SHORTSCLASSIC-CREAM-S,PAIR,Mar-24,,0
579,SHORTS,FS,SHORTS,CLASSIC,S,BKBU,SHORTSCLASSIC-BKBU-S,PAIR,Mar-25,,0
579,SHORTS,FS,SHORTS,CLASSIC,XL,NAVY BLUE,SHORTSCLASSIC-NAVY BLUE-XL,PAIR,Mar-25,,8
579,SHORTS,FS,SHORTS,CLASSIC,XL,CREAM,SHORTSCLASSIC-CREAM-XL,PAIR,Mar-24,,14
579,SHORTS,FS,SHORTS,IRON MAN,XL,GRAY,SHORTSIRON MAN-GRAY-XL,PAIR,Mar-24,,12
579,SHORTS,FS,SHORTS,CLASSIC,XX,NAVY BLUE,SHORTSCLASSIC-NAVY BLUE-XX,PAIR,Mar-25,,9
579,SHORTS,FS,SHORTS,CLASSIC,XXXL,BK,SHORTSCLASSIC-BK-XXXL,PAIR,Mar-24,,8
579,SHORTS,FS,SHORTS,CLASSIC,XXXL,BKBU,SHORTSCLASSIC-BKBU-XXXL,PAIR,Mar-25,,4
579,SHORTS,FS,SHORTS,CLASSIC,XXXL,CREAM,SHORTSCLASSIC-CREAM-XXXL,PAIR,Mar-24,,4
579,SHORTS,FS,SHORTS,CLASSIC,XXXL,LIGHT BLUE,SHORTSCLASSIC-LIGHT BLUE-XXXL,PAIR,Mar-24,,0
579,SHORTS,FS,SHORTS,CLASSIC,XXXL,GN,SHORTSCLASSIC-GN-XXXL,PAIR,Mar-24,,0
580,ANKL,FS,ANKLETS,CLASSIC,F,BU,ANKLCLASSIC-BU-F,PAIR,Mar-24,,18
580,ANKL,FS,ANKLETS,CLASSIC,F,RD,ANKLCLASSIC-RD-F,PAIR,Mar-24,,19
580,ANKL,FS,ANKLETS,CLASSIC,F,BK,ANKLCLASSIC-BK-F,PAIR,Mar-24,,19
580,SHORTS,FS,SHORTS,CLASSIC,XL,BK,SHORTSCLASSIC-BK-XL,PAIR,Mar-24,,7
580,SHORTS,FS,SHORTS,CLASSIC,XL,BKBU,SHORTSCLASSIC-BKBU-XL,PAIR,Mar-25,,9
580,SHORTS,FS,SHORTS,CLASSIC,XL,CREAM,SHORTSCLASSIC-CREAM-XL,PAIR,Mar-24,,9
580,SHORTS,FS,SHORTS,CLASSIC,XL,LIGHT BLUE,SHORTSCLASSIC-LIGHT BLUE-XL,PAIR,Mar-24,,3
580,SHORTS,FS,SHORTS,CLASSIC,XL,GN,SHORTSCLASSIC-GN-XL,PAIR,Mar-24,,23
580,SHORTS,FS,SHORTS,CLASSIC,XXL,BK,SHORTSCLASSIC-BK-XXL,PAIR,Mar-24,,7
580,SHORTS,FS,SHORTS,CLASSIC,XXL,NAVY BLUE,SHORTSCLASSIC-NAVY BLUE-XXL,PAIR,Mar-25,,12
580,SHORTS,FS,SHORTS,CLASSIC,XXL,CREAM,SHORTSCLASSIC-CREAM-XXL,PAIR,Mar-24,,12
580,SHORTS,FS,SHORTS,CLASSIC,XXL,CREAM,SHORTSCLASSIC-CREAM-XXL,PAIR,Mar-24,,9
580,SHORTS,FS,SHORTS,CLASSIC,XXL,GN,SHORTSCLASSIC-GN-XXL,PAIR,Mar-24,,10
580,SHORTS,FS,SHORTS,IRON MAN,XXL,GRAY,SHORTSIRON MAN-GRAY-XXL,PAIR,Mar-24,,10
580,SHORTS,FS,SHORTS,CLASSIC,XXL,LIGHT BLUE,SHORTSCLASSIC-LIGHT BLUE-XXL,PAIR,Mar-24,,0
580,SHORTS,FS,SHORTS,CLASSIC,XXXL,NAVY BLUE,SHORTSCLASSIC-NAVY BLUE-XXXL,PAIR,Mar-25,,4
581,BG,FS,BOXING GLOVES,LACE,10,BK,BGLACE-BK-10,PAIR,Mar-24,,4
581,BG,FS,BOXING GLOVES,LACE,10,WH,BGLACE-WH-10,PAIR,Mar-24,,3
581,BG,FS,BOXING GLOVES,LACE,12,BK,BGLACE-BK-12,PAIR,Mar-24,,
581,BG,FS,BOXING GLOVES,LACE,12,WH,BGLACE-WH-12,PAIR,Mar-24,,
582,BG,FS,BOXING GLOVES,LACE,14,BK,BGLACE-BK-14,PAIR,Mar-24,,
582,BG,FS,BOXING GLOVES,LACE,14,WH,BGLACE-WH-14,PAIR,Mar-24,,
583,BG,FS,BOXING GLOVES,LACE,16,BK,BGLACE-BK-16,PAIR,Mar-24,,
583,BG,FS,BOXING GLOVES,LACE,16,WH,BGLACE-WH-16,PAIR,Mar-24,,
590,SHIRTS,FS,SHIRTS,TANK,S,PURPLE,SHIRTSTANK-PURPLE-S,PAIR,Mar-24,,10
590,SHIRTS,FS,SHIRTS,TANK,S,BK,SHIRTSTANK-BK-S,PAIR,Mar-24,,12
590,SHIRTS,FS,SHIRTS,TANK,S,OLIVE,SHIRTSTANK-OLIVE-S,PAIR,Mar-24,,9
590,SHIRTS,FS,SHIRTS,TANK,XL,PURPLE,SHIRTSTANK-PURPLE-XL,PAIR,Mar-24,,15
590,SHIRTS,FS,SHIRTS,TANK,XL,BK,SHIRTSTANK-BK-XL,PAIR,Mar-24,,16
590,SHIRTS,FS,SHIRTS,TANK,XL,OLIVE,SHIRTSTANK-OLIVE-XL,PAIR,Mar-24,,16
590,SHIRTS,FS,SHIRTS,TANK,XXL,PURPLE,SHIRTSTANK-PURPLE-XXL,PAIR,Mar-24,,10
590,SHIRTS,FS,SHIRTS,TANK,XXL,BK,SHIRTSTANK-BK-XXL,PAIR,Mar-24,,10
590,SHIRTS,FS,SHIRTS,TANK,XXL,OLIVE,SHIRTSTANK-OLIVE-XXL,PAIR,Mar-24,,10
591,SHIRTS,FS,SHIRTS,TANK,L,PURPLE,SHIRTSTANK-PURPLE-L,PAIR,Mar-24,,20
591,SHIRTS,FS,SHIRTS,TANK,L,BK,SHIRTSTANK-BK-L,PAIR,Mar-24,,20
591,SHIRTS,FS,SHIRTS,TANK,L,OLIVE,SHIRTSTANK-OLIVE-L,PAIR,Mar-24,,20
591,SHIRTS,FS,SHIRTS,TANK,M,PURPLE,SHIRTSTANK-PURPLE-M,PAIR,Mar-24,,20
591,SHIRTS,FS,SHIRTS,TANK,M,BK,SHIRTSTANK-BK-M,PAIR,Mar-24,,19
591,SHIRTS,FS,SHIRTS,TANK,M,OLIVE,SHIRTSTANK-OLIVE-M,PAIR,Mar-24,,19
592,SG,FS,SHIN GUARD,PRO,S,POWDER PINK,SGPRO-POWDER PINK-S,PAIR,Mar-24,,0
592,SG,FS,SHIN GUARD,PRO,S,TEAL,SGPRO-TEAL-S,PAIR,Mar-24,,0
592,SG,FS,SHIN GUARD,PRO,S,BK,SGPRO-BK-S,PAIR,Mar-24,,3
592,SG,FS,SHIN GUARD,PRO,S,WH,SGPRO-WH-S,PAIR,Mar-24,,3
592,SG,FS,SHIN GUARD,PRO,XL,POWDER PINK,SGPRO-POWDER PINK-XL,PAIR,Mar-24,,0
592,SG,FS,SHIN GUARD,PRO,XL,BK,SGPRO-BK-XL,PAIR,Mar-24,,5
592,SG,FS,SHIN GUARD,PRO,XL,WH,SGPRO-WH-XL,PAIR,Mar-24,,5
592,SG,FS,SHIN GUARD,PRO,XL,TEAL,SGPRO-TEAL-XL,PAIR,Mar-24,,5
593,SG,FS,SHIN GUARD,PRO,M,WH,SGPRO-WH-M,PAIR,Mar-24,,0
593,SG,FS,SHIN GUARD,PRO,M,POWDER PINK,SGPRO-POWDER PINK-M,PAIR,Mar-24,,0
593,SG,FS,SHIN GUARD,PRO,M,BK,SGPRO-BK-M,PAIR,Mar-24,,8
593,SG,FS,SHIN GUARD,PRO,M,TEAL,SGPRO-TEAL-M,PAIR,Mar-24,,11
594,SG,FS,SHIN GUARD,PRO,L,POWDER PINK,SGPRO-POWDER PINK-L,PAIR,Mar-24,,0
594,SG,FS,SHIN GUARD,PRO,L,BK,SGPRO-BK-L,PAIR,Mar-24,,11
594,SG,FS,SHIN GUARD,PRO,L,WH,SGPRO-WH-L,PAIR,Mar-24,,8
594,SG,FS,SHIN GUARD,PRO,L,TEAL,SGPRO-TEAL-L,PAIR,Mar-24,,9
600,BG,OSO,BOXING GLOVES,OSO,12,BK,BG-OSO-BK-12,PAIR,bc,,0
602,BG,OSO,BOXING GLOVES,OSO,12,WH,BG-OSO-WH-12,PAIR,bc,,0
602,BG,OSO,BOXING GLOVES,OSO,14,BK,BG-OSO-BK-14,PAIR,bc,,0
700,BG,RDX,BOXING GLOVES,F4B,12,BKWH,BGF4B-BKWH-12,PIECE,Oct-23,,0
702,BG,RDX,BOXING GLOVES,F15MB,12,BK,BGF15MB-BK-12,PIECE,Oct-23,,0
704,BG,RDX,BOXING GLOVES,F4B,12,BKWH,BGF4B-BKWH-12,PIECE,Oct-23,,15
704,BG,RDX,BOXING GLOVES,F4B,14,BKWH,BGF4B-BKWH-14,PIECE,Oct-23,,21
706,BG,RDX,BOXING GLOVES,F15MB,12,BK,BGF15MB-BK-12,PIECE,Oct-23,,26
706,BG,RDX,BOXING GLOVES,F15MB,14,BK,BGF15MB-BK-14,PIECE,Oct-23,,8
708,BG,RDX,BOXING GLOVES,F4B,16,BKWH,BGF4B-BKWH-16,PIECE,Oct-23,,33
710,BG,RDX,BOXING GLOVES,F15MB,16,BK,BGF15MB-BK-16,PIECE,Oct-23,,15
712,GG,RDX,GRAPPLING GLOVE,GGF15MB,L,BK,GGGGF15MB-BK-L,PAIR,Oct-26,,25
712,GG,RDX,GRAPPLING GLOVE,GGF15MB,M,BK,GGGGF15MB-BK-M,PAIR,Oct-25,,25
712,GG,RDX,GRAPPLING GLOVE,GGF15MB,M,BK,GGGGF15MB-BK-M,PAIR,Oct-23,,0
712,GG,RDX,GRAPPLING GLOVE,GGF15MB,S,BK,GGGGF15MB-BK-S,PAIR,Oct-24,,17
712,GG,RDX,GRAPPLING GLOVE,GGF15MB,XL,BK,GGGGF15MB-BK-XL,PAIR,Oct-27,,12
712,GG,RDX,GRAPPLING GLOVE,GGF15MB,XL,BK,GGGGF15MB-BK-XL,PAIR,Oct-23,,0
713,GROIN,RDX,GROIN PROTECTOR,H1B,XL,BK,GROINH1B-BK-XL,PIECE,Oct-23,,0
800,mouth guard,SJ,mouth guard,SJ,A,ICE,SJ-ICE,PIECE,bc,,140
800,mouth guard,SJ,mouth guard,SJ,A,CLEAR,SJ-CLEAR,PIECE,bc,,11
800,mouth guard,SJ,mouth guard,SJ,A,KIDS,SJ-KIDS,PIECE,bc,,123
800,GI,OSO,CLOTHING,GI,A1,BK,GI-BK-A1,PIECE,bc,,16
800,GI,OSO,CLOTHING,GI,A1,WH,GI-WH-A1,PIECE,bc,,16
800,GI,OSO,CLOTHING,GI,A1,GY,GI-GY-A1,PIECE,bc,,1
800,GI,OSO,CLOTHING,GI,A1,PK,GI-PK-A1,PIECE,bc,,1
800,GI,OSO,CLOTHING,GI,A3,BK,GI-BK-A3,PIECE,bc,,4
800,GI,OSO,CLOTHING,GI,A3,WH,GI-WH-A3,PIECE,bc,,13
800,GI,OSO,CLOTHING,GI,A3,BU,GI-BU-A3,PIECE,bc,,1
800,GI,OSO,CLOTHING,GI,A3,GY,GI-GY-A3,PIECE,bc,,1
800,GI,OSO,CLOTHING,GI,A4,BK,GI-BK-A4,PIECE,bc,,6
800,GI,OSO,CLOTHING,GI,A4,WH,GI-WH-A4,PIECE,bc,,13
800,GI,OSO,CLOTHING,GI,A4,GY,GI-GY-A4,PIECE,bc,,4
800,GI,OSO,CLOTHING,GI,F0,PK,GI-PK-F0,PIECE,bc,,4
800,GI,OSO,CLOTHING,GI,F0,WH,GI-WH-F0,PIECE,bc,,4
800,GI,OSO,CLOTHING,GI,F0,BU,GI-BU-F0,PIECE,bc,,4
800,GI,OSO,CLOTHING,GI,F0,BK,GI-BK-F0,PIECE,bc,,5
800,GI,OSO,CLOTHING,GI,F1,BK,GI-BK-F1,PIECE,bc,,2
800,GI,OSO,CLOTHING,GI,F1,PK,GI-PK-F1,PIECE,bc,,3
800,GI,OSO,CLOTHING,GI,F1,BU,GI-BU-F1,PIECE,bc,,4
800,GI,OSO,CLOTHING,GI,F1,WH,GI-WH-F1,PIECE,bc,,2
800,GI,OSO,CLOTHING,GI,F2,WH,GI-WH-F2,PIECE,bc,,2
800,GI,OSO,CLOTHING,GI,F2,PK,GI-PK-F2,PIECE,bc,,2
800,GI,OSO,CLOTHING,GI,F2,BU,GI-BU-F2,PIECE,bc,,1
800,GI,OSO,CLOTHING,GI,M0,GY,GI-GY-M0,PIECE,bc,,5
800,GI,OSO,CLOTHING,GI,M0,BU,GI-BU-M0,PIECE,bc,,5
800,GI,OSO,CLOTHING,GI,M0,WH,GI-WH-M0,PIECE,bc,,7
800,GI,OSO,CLOTHING,GI,M0,BK,GI-BK-M0,PIECE,bc,,7
800,GI,OSO,CLOTHING,GI,M1,WH,GI-WH-M1,PIECE,bc,,3
800,GI,OSO,CLOTHING,GI,M1,BU,GI-BU-M1,PIECE,bc,,3
800,GI,OSO,CLOTHING,GI,M1,GY,GI-GY-M1,PIECE,bc,,6
800,GI,OSO,CLOTHING,GI,M1,BK,GI-BK-M1,PIECE,bc,,2
800,GI,OSO,CLOTHING,GI,M2,BK,GI-BK-M2,PIECE,bc,,3
800,GI,OSO,CLOTHING,GI,M2,WH,GI-WH-M2,PIECE,bc,,2
800,GI,OSO,CLOTHING,GI,M2,BU,GI-BU-M2,PIECE,bc,,2
800,GI,OSO,CLOTHING,GI,M2,GY,GI-GY-M2,PIECE,bc,,5
801,mouth guard,SJ,mouth guard,SJ,A,GOLDIE,SJ-GOLDIE,PIECE,bc,,71
802,mouth guard,SJ,mouth guard,SJ,A,OGRE,SJ-OGRE,PIECE,bc,,34
803,mouth guard,SJ,mouth guard,SJ,A,VIPER,SJ-VIPER,PIECE,bc,,43
804,mouth guard,SJ,mouth guard,SJ,A,BRACES-FANGZ-BK,SJ-BRACES-FANGZ-BK,PIECE,,,51
805,mouth guard,SJ,mouth guard,SJ,A,SHARK,SJ-SHARK,PIECE,bc,,123
806,mouth guard,SJ,mouth guard,SJ,A,FANGZ-BK,SJ-FANGZ-BK,PIECE,bc,,121
807,mouth guard,SJ,mouth guard,SJ,A,MU,SJ-MU,PIECE,bc,,135
808,mouth guard,SJ,mouth guard,SJ,A,FANGZ-PK,SJ-FANGZ-PK,PIECE,bc,,80
809,mouth guard,SJ,mouth guard,SJ,A,C.AMERICA,SJ-C.AMERICA,PIECE,bc,,30
810,mouth guard,SJ,mouth guard,SJ,A,VENUM,SJ-VENUM,PIECE,bc,,31
811,mouth guard,SJ,mouth guard,SJ,A,BK PANTER ,SJ-BK PANTER ,PIECE,bc,,35
812,mouth guard,SJ,mouth guard,SJ,A,HALK,SJ-HALK,PIECE,bc,,26
813,mouth guard,SJ,mouth guard,SJ,A,DEADPOOL,SJ-DEADPOOL,PIECE,bc,,8
814,mouth guard,SJ,mouth guard,SJ,A,VOLVARINE,SJ-VOLVARINE,PIECE,bc,,6
815,mouth guard,SJ,mouth guard,SJ,A,IRONMAN,SJ-IRONMAN,PIECE,bc,,3
816,mouth guard,SJ,mouth guard,SJ,A,SPIDERMAN,SJ-SPIDERMAN,PIECE,bc,,13
,,,,,,,,,,,
,,,,,,,,,,,
,,,,,,,,,,,
,,,,,,,,,,,
,,,,,,,,,,,
,,,,,,,,,,,
,,,,,,,,,,,
,,,,,,,,,,,
,,,,,,,,,,,
,,,,,,,,,,,
,,,,,,,,,,,
,,,,,,,,,,,
,,,,,,,,,,,
,,,,,,,,,,,
,,,,,,,,,,,
,,,,,,,,,,,
,,,,,,,,,,,
,,,,,,,,,,,
,,,,,,,,,,,
,,,,,,,,,,,
,,,,,,,,,,,
,,,,,,,,,,,
,,,,,,,,,,,
,,,,,,,,,,,
,,,,,,,,,,,
,,,,,,,,,,,
,,,,,,,,,,,
,,,,,,,,,,,
,,,,,,,,,,,
,,,,,,,,,,,
,,,,,,,,,,,
,,,,,,,,,,,
,,,,,,,,,,,
,,,,,,,,,,,
,,,,,,,,,,,
,,,,,,,,,,,
,,,,,,,,,,,
,,,,,,,,,,,
,,,,,,,,,,,
,,,,,,,,,,,
,,,,,,,,,,,
,,,,,,,,,,,
,,,,,,,,,,,
,,,,,,,,,,,
,,,,,,,,,,,
,,,,,,,,,,,
,,,,,,,,,,,
,,,,,,,,,,,
,,,,,,,,,,,
,,,,,,,,,,,
,,,,,,,,,,,
,,,,,,,,,,,
,,,,,,,,,,,
,,,,,,,,,,,
,,,,,,,,,,,
,,,,,,,,,,,
,,,,,,,,,,,
,,,,,,,,,,,
,,,,,,,,,,,
,,,,,,,,,,,
,,,,,,,,,,,
,,,,,,,,,,,
,,,,,,,,,,,
,,,,,,,,,,,
,,,,,,,,,,,
,,,,,,,,,,,
,,,,,,,,,,,
,,,,,,,,,,,
,,,,,,,,,,,
,,,,,,,,,,,
,,,,,,,,,,,
,,,,,,,,,,,
,,,,,,,,,,,
,,,,,,,,,,,
,,,,,,,,,,,
,,,,,,,,,,,
,,,,,,,,,,,
,,,,,,,,,,,
,,,,,,,,,,,
,,,,,,,,,,,
,,,,,,,,,,,
,,,,,,,,,,,
,,,,,,,,,,,
,,,,,,,,,,,
,,,,,,,,,,,
,,,,,,,,,,,
,,,,,,,,,,,
,,,,,,,,,,,
,,,,,,,,,,,
,,,,,,,,,,,
,,,,,,,,,,,
,,,,,,,,,,,
,,,,,,,,,,,
,,,,,,,,,,,
,,,,,,,,,,,
,,,,,,,,,,,
,,,,,,,,,,,
,,,,,,,,,,,
,,,,,,,,,,,
,,,,,,,,,,,
,,,,,,,,,,,
,,,,,,,,,,,
,,,,,,,,,,,
,,,,,,,,,,,
,,,,,,,,,,,
,,,,,,,,,,,
,,,,,,,,,,,
,,,,,,,,,,,
,,,,,,,,,,,
,,,,,,,,,,,
,,,,,,,,,,,
,,,,,,,,,,,
,,,,,,,,,,,
,,,,,,,,,,,
,,,,,,,,,,,
,,,,,,,,,,,
,,,,,,,,,,,
,,,,,,,,,,,
,,,,,,,,,,,
,,,,,,,,,,,
,,,,,,,,,,,
,,,,,,,,,,,
,,,,,,,,,,,
,,,,,,,,,,,
,,,,,,,,,,,
,,,,,,,,,,,
,,,,,,,,,,,
,,,,,,,,,,,
,,,,,,,,,,,
,,,,,,,,,,,
,,,,,,,,,,,
,,,,,,,,,,,
,,,,,,,,,,,
,,,,,,,,,,,
,,,,,,,,,,,
,,,,,,,,,,,
,,,,,,,,,,,
,,,,,,,,,,,
,,,,,,,,,,,
,,,,,,,,,,,
,,,,,,,,,,,
,,,,,,,,,,,
,,,,,,,,,,,
,,,,,,,,,,,
,,,,,,,,,,,
,,,,,,,,,,,
,,,,,,,,,,,
,,,,,,,,,,,
,,,,,,,,,,,
,,,,,,,,,,,
,,,,,,,,,,,
,,,,,,,,,,,
,,,,,,,,,,,
,,,,,,,,,,,
,,,,,,,,,,,
,,,,,,,,,,,
,,,,,,,,,,,
,,,,,,,,,,,
,,,,,,,,,,,
,,,,,,,,,,,
,,,,,,,,,,,
,,,,,,,,,,,
,,,,,,,,,,,
,,,,,,,,,,,
,,,,,,,,,,,
,,,,,,,,,,,
,,,,,,,,,,,
,,,,,,,,,,,
,,,,,,,,,,,
,,,,,,,,,,,
,,,,,,,,,,,
,,,,,,,,,,,
,,,,,,,,,,,
,,,,,,,,,,,
,,,,,,,,,,,
,,,,,,,,,,,
,,,,,,,,,,,
,,,,,,,,,,,
,,,,,,,,,,,
,,,,,,,,,,,
,,,,,,,,,,,
,,,,,,,,,,,
,,,,,,,,,,,
,,,,,,,,,,,
,,,,,,,,,,,
,,,,,,,,,,,
,,,,,,,,,,,
,,,,,,,,,,,
,,,,,,,,,,,
,,,,,,,,,,,
,,,,,,,,,,,
,,,,,,,,,,,
,,,,,,,,,,,
,,,,,,,,,,,
,,,,,,,,,,,
,,,,,,,,,,,
,,,,,,,,,,,
,,,,,,,,,,,
,,,,,,,,,,,
,,,,,,,,,,,
,,,,,,,,,,,
,,,,,,,,,,,
,,,,,,,,,,,
,,,,,,,,,,,
,,,,,,,,,,,
,,,,,,,,,,,
,,,,,,,,,,,
,,,,,,,,,,,
,,,,,,,,,,,
,,,,,,,,,,,
,,,,,,,,,,,
,,,,,,,,,,,
,,,,,,,,,,,
,,,,,,,,,,,
,,,,,,,,,,,
,,,,,,,,,,,
,,,,,,,,,,,
,,,,,,,,,,,
,,,,,,,,,,,
,,,,,,,,,,,
,,,,,,,,,,,
,,,,,,,,,,,
,,,,,,,,,,,
,,,,,,,,,,,
,,,,,,,,,,,
,,,,,,,,,,,
,,,,,,,,,,,
,,,,,,,,,,,
,,,,,,,,,,,
,,,,,,,,,,,
,,,,,,,,,,,
,,,,,,,,,,,
,,,,,,,,,,,
,,,,,,,,,,,
,,,,,,,,,,,
,,,,,,,,,,,
,,,,,,,,,,,
,,,,,,,,,,,
,,,,,,,,,,,
,,,,,,,,,,,
,,,,,,,,,,,
,,,,,,,,,,,
,,,,,,,,,,,
,,,,,,,,,,,
,,,,,,,,,,,
,,,,,,,,,,,
,,,,,,,,,,,
,,,,,,,,,,,
,,,,,,,,,,,
,,,,,,,,,,,
,,,,,,,,,,,
,,,,,,,,,,,
,,,,,,,,,,,
,,,,,,,,,,,
,,,,,,,,,,,
,,,,,,,,,,,
,,,,,,,,,,,
,,,,,,,,,,,
,,,,,,,,,,,
,,,,,,,,,,,
,,,,,,,,,,,
,,,,,,,,,,,
,,,,,,,,,,,
,,,,,,,,,,,
,,,,,,,,,,,
,,,,,,,,,,,
,,,,,,,,,,,
,,,,,,,,,,,
,,,,,,,,,,,
,,,,,,,,,,,
,,,,,,,,,,,
,,,,,,,,,,,
,,,,,,,,,,,
,,,,,,,,,,,
,,,,,,,,,,,
,,,,,,,,,,,
,,,,,,,,,,,
,,,,,,,,,,,
,,,,,,,,,,,
,,,,,,,,,,,
,,,,,,,,,,,
,,,,,,,,,,,
,,,,,,,,,,,
,,,,,,,,,,,
,,,,,,,,,,,
,,,,,,,,,,,
,,,,,,,,,,,
,,,,,,,,,,,
,,,,,,,,,,,
,,,,,,,,,,,
,,,,,,,,,,,
,,,,,,,,,,,
,,,,,,,,,,,
,,,,,,,,,,,
,,,,,,,,,,,
,,,,,,,,,,,
,,,,,,,,,,,
,,,,,,,,,,,
,,,,,,,,,,,
,,,,,,,,,,,
,,,,,,,,,,,
,,,,,,,,,,,
,,,,,,,,,,,
,,,,,,,,,,,
,,,,,,,,,,,
,,,,,,,,,,,
,,,,,,,,,,,
,,,,,,,,,,,
,,,,,,,,,,,
,,,,,,,,,,,
,,,,,,,,,,,
,,,,,,,,,,,
,,,,,,,,,,,
,,,,,,,,,,,
,,,,,,,,,,,
,,,,,,,,,,,
,,,,,,,,,,,
,,,,,,,,,,,
,,,,,,,,,,,
,,,,,,,,,,,
,,,,,,,,,,,
,,,,,,,,,,,
,,,,,,,,,,,
,,,,,,,,,,,
,,,,,,,,,,,
,,,,,,,,,,,
,,,,,,,,,,,
,,,,,,,,,,,
,,,,,,,,,,,
,,,,,,,,,,,
,,,,,,,,,,,
,,,,,,,,,,,
,,,,,,,,,,,
,,,,,,,,,,,
,,,,,,,,,,,
,,,,,,,,,,,
,,,,,,,,,,,
,,,,,,,,,,,
,,,,,,,,,,,
,,,,,,,,,,,
,,,,,,,,,,,
,,,,,,,,,,,
,,,,,,,,,,,
,,,,,,,,,,,
,,,,,,,,,,,
,,,,,,,,,,,
,,,,,,,,,,,
,,,,,,,,,,,
,,,,,,,,,,,
,,,,,,,,,,,
,,,,,,,,,,,
,,,,,,,,,,,
,,,,,,,,,,,
,,,,,,,,,,,
,,,,,,,,,,,
,,,,,,,,,,,
,,,,,,,,,,,
,,,,,,,,,,,
,,,,,,,,,,,
,,,,,,,,,,,
,,,,,,,,,,,
,,,,,,,,,,,
,,,,,,,,,,,
,,,,,,,,,,,
,,,,,,,,,,,
,,,,,,,,,,,
,,,,,,,,,,,
,,,,,,,,,,,
,,,,,,,,,,,
,,,,,,,,,,,
,,,,,,,,,,,
,,,,,,,,,,,
,,,,,,,,,,,
,,,,,,,,,,,
,,,,,,,,,,,
,,,,,,,,,,,
,,,,,,,,,,,
,,,,,,,,,,,
,,,,,,,,,,,
,,,,,,,,,,,
,,,,,,,,,,,
,,,,,,,,,,,
,,,,,,,,,,,
,,,,,,,,,,,
,,,,,,,,,,,
,,,,,,,,,,,
,,,,,,,,,,,
,,,,,,,,,,,
,,,,,,,,,,,
,,,,,,,,,,,
,,,,,,,,,,,
,,,,,,,,,,,
,,,,,,,,,,,
,,,,,,,,,,,
,,,,,,,,,,,
,,,,,,,,,,,
,,,,,,,,,,,
,,,,,,,,,,,
,,,,,,,,,,,
,,,,,,,,,,,
,,,,,,,,,,,
,,,,,,,,,,,
,,,,,,,,,,,
,,,,,,,,,,,
,,,,,,,,,,,
,,,,,,,,,,,
,,,,,,,,,,,
,,,,,,,,,,,
,,,,,,,,,,,
,,,,,,,,,,,
,,,,,,,,,,,
,,,,,,,,,,,
,,,,,,,,,,,
,,,,,,,,,,,
,,,,,,,,,,,
,,,,,,,,,,,
,,,,,,,,,,,
,,,,,,,,,,,
,,,,,,,,,,,
,,,,,,,,,,,
,,,,,,,,,,,
,,,,,,,,,,,
,,,,,,,,,,,
,,,,,,,,,,,
,,,,,,,,,,,
,,,,,,,,,,,
,,,,,,,,,,,
,,,,,,,,,,,
,,,,,,,,,,,
,,,,,,,,,,,
,,,,,,,,,,,
,,,,,,,,,,,
,,,,,,,,,,,
,,,,,,,,,,,
,,,,,,,,,,,
,,,,,,,,,,,
,,,,,,,,,,,
,,,,,,,,,,,
,,,,,,,,,,,
,,,,,,,,,,,
,,,,,,,,,,,
,,,,,,,,,,,
,,,,,,,,,,,
,,,,,,,,,,,
,,,,,,,,,,,
,,,,,,,,,,,
,,,,,,,,,,,
,,,,,,,,,,,
,,,,,,,,,,,
,,,,,,,,,,,
,,,,,,,,,,,
,,,,,,,,,,,
,,,,,,,,,,,
,,,,,,,,,,,
,,,,,,,,,,,
,,,,,,,,,,,
,,,,,,,,,,,
,,,,,,,,,,,
,,,,,,,,,,,
,,,,,,,,,,,
,,,,,,,,,,,
,,,,,,,,,,,
,,,,,,,,,,,
,,,,,,,,,,,
,,,,,,,,,,,
,,,,,,,,,,,
,,,,,,,,,,,
,,,,,,,,,,,
,,,,,,,,,,,
,,,,,,,,,,,
,,,,,,,,,,,
,,,,,,,,,,,
,,,,,,,,,,,
,,,,,,,,,,,
,,,,,,,,,,,
,,,,,,,,,,,
,,,,,,,,,,,
,,,,,,,,,,,
,,,,,,,,,,,
,,,,,,,,,,,
,,,,,,,,,,,
,,,,,,,,,,,
,,,,,,,,,,,
,,,,,,,,,,,
,,,,,,,,,,,
,,,,,,,,,,,
,,,,,,,,,,,
,,,,,,,,,,,
,,,,,,,,,,,
,,,,,,,,,,,
,,,,,,,,,,,
,,,,,,,,,,,
,,,,,,,,,,,
,,,,,,,,,,,
,,,,,,,,,,,
,,,,,,,,,,,
,,,,,,,,,,,
,,,,,,,,,,,
,,,,,,,,,,,
,,,,,,,,,,,
,,,,,,,,,,,
,,,,,,,,,,,
,,,,,,,,,,,
,,,,,,,,,,,
,,,,,,,,,,,
,,,,,,,,,,,
,,,,,,,,,,,
,,,,,,,,,,,
,,,,,,,,,,,
,,,,,,,,,,,
,,,,,,,,,,,
,,,,,,,,,,,
,,,,,,,,,,,
,,,,,,,,,,,
,,,,,,,,,,,
,,,,,,,,,,,
,,,,,,,,,,,
,,,,,,,,,,,
,,,,,,,,,,,
,,,,,,,,,,,
,,,,,,,,,,,
,,,,,,,,,,,
,,,,,,,,,,,
,,,,,,,,,,,
,,,,,,,,,,,
,,,,,,,,,,,
,,,,,,,,,,,
,,,,,,,,,,,
,,,,,,,,,,,
,,,,,,,,,,,
,,,,,,,,,,,
,,,,,,,,,,,
,,,,,,,,,,,
,,,,,,,,,,,
,,,,,,,,,,,
,,,,,,,,,,,
,,,,,,,,,,,
,,,,,,,,,,,
,,,,,,,,,,,
,,,,,,,,,,,
,,,,,,,,,,,
,,,,,,,,,,,
,,,,,,,,,,,
,,,,,,,,,,,
,,,,,,,,,,,
,,,,,,,,,,,
,,,,,,,,,,,
,,,,,,,,,,,
,,,,,,,,,,,
,,,,,,,,,,,
,,,,,,,,,,,
,,,,,,,,,,,
,,,,,,,,,,,
,,,,,,,,,,,
,,,,,,,,,,,
,,,,,,,,,,,
,,,,,,,,,,,
,,,,,,,,,,,
,,,,,,,,,,,
,,,,,,,,,,,
,,,,,,,,,,,
,,,,,,,,,,,
,,,,,,,,,,,
,,,,,,,,,,,
,,,,,,,,,,,
,,,,,,,,,,,
,,,,,,,,,,,
,,,,,,,,,,,
,,,,,,,,,,,
,,,,,,,,,,,
,,,,,,,,,,,
,,,,,,,,,,,
,,,,,,,,,,,
,,,,,,,,,,,
,,,,,,,,,,,
,,,,,,,,,,,
,,,,,,,,,,,
,,,,,,,,,,,
,,,,,,,,,,,
,,,,,,,,,,,
,,,,,,,,,,,
,,,,,,,,,,,
,,,,,,,,,,,
,,,,,,,,,,,
,,,,,,,,,,,
,,,,,,,,,,,
,,,,,,,,,,,
,,,,,,,,,,,
,,,,,,,,,,,
,,,,,,,,,,,
,,,,,,,,,,,
,,,,,,,,,,,
,,,,,,,,,,,
,,,,,,,,,,,
,,,,,,,,,,,
,,,,,,,,,,,
,,,,,,,,,,,
,,,,,,,,,,,
,,,,,,,,,,,
,,,,,,,,,,,
,,,,,,,,,,,
,,,,,,,,,,,
,,,,,,,,,,,
,,,,,,,,,,,
,,,,,,,,,,,
,,,,,,,,,,,
,,,,,,,,,,,
,,,,,,,,,,,
,,,,,,,,,,,
,,,,,,,,,,,
,,,,,,,,,,,
,,,,,,,,,,,
,,,,,,,,,,,
,,,,,,,,,,,
,,,,,,,,,,,
,,,,,,,,,,,
,,,,,,,,,,,
,,,,,,,,,,,
,,,,,,,,,,,
,,,,,,,,,,,
,,,,,,,,,,,
,,,,,,,,,,,
,,,,,,,,,,,
,,,,,,,,,,,
,,,,,,,,,,,
,,,,,,,,,,,
,,,,,,,,,,,
,,,,,,,,,,,
,,,,,,,,,,,
,,,,,,,,,,,
,,,,,,,,,,,
,,,,,,,,,,,
,,,,,,,,,,,
,,,,,,,,,,,
,,,,,,,,,,,
,,,,,,,,,,,
,,,,,,,,,,,
,,,,,,,,,,,
,,,,,,,,,,,
,,,,,,,,,,,
,,,,,,,,,,,
,,,,,,,,,,,
,,,,,,,,,,,
,,,,,,,,,,,
,,,,,,,,,,,
,,,,,,,,,,,
,,,,,,,,,,,
,,,,,,,,,,,
,,,,,,,,,,,
,,,,,,,,,,,
,,,,,,,,,,,
,,,,,,,,,,,
,,,,,,,,,,,
,,,,,,,,,,,
,,,,,,,,,,,
,,,,,,,,,,,
,,,,,,,,,,,
,,,,,,,,,,,
,,,,,,,,,,,
,,,,,,,,,,,
,,,,,,,,,,,
,,,,,,,,,,,
,,,,,,,,,,,
,,,,,,,,,,,
,,,,,,,,,,,
,,,,,,,,,,,
,,,,,,,,,,,
,,,,,,,,,,,
,,,,,,,,,,,
,,,,,,,,,,,
,,,,,,,,,,,
,,,,,,,,,,,
,,,,,,,,,,,
,,,,,,,,,,,
,,,,,,,,,,,
,,,,,,,,,,,
,,,,,,,,,,,
,,,,,,,,,,,
,,,,,,,,,,,
,,,,,,,,,,,
,,,,,,,,,,,
,,,,,,,,,,,
,,,,,,,,,,,
,,,,,,,,,,,
,,,,,,,,,,,
,,,,,,,,,,,
,,,,,,,,,,,
,,,,,,,,,,,
,,,,,,,,,,,
,,,,,,,,,,,
,,,,,,,,,,,
,,,,,,,,,,,
,,,,,,,,,,,
,,,,,,,,,,,
,,,,,,,,,,,
,,,,,,,,,,,
,,,,,,,,,,,
,,,,,,,,,,,
,,,,,,,,,,,
,,,,,,,,,,,
,,,,,,,,,,,
,,,,,,,,,,,
,,,,,,,,,,,
,,,,,,,,,,,
,,,,,,,,,,,
,,,,,,,,,,,
,,,,,,,,,,,
,,,,,,,,,,,
,,,,,,,,,,,
,,,,,,,,,,,
,,,,,,,,,,,
,,,,,,,,,,,
,,,,,,,,,,,
,,,,,,,,,,,
,,,,,,,,,,,
,,,,,,,,,,,
,,,,,,,,,,,
,,,,,,,,,,,
,,,,,,,,,,,
,,,,,,,,,,,
,,,,,,,,,,,
,,,,,,,,,,,
,,,,,,,,,,,
,,,,,,,,,,,
,,,,,,,,,,,
,,,,,,,,,,,
,,,,,,,,,,,
,,,,,,,,,,,
,,,,,,,,,,,
,,,,,,,,,,,
,,,,,,,,,,,
,,,,,,,,,,,
,,,,,,,,,,,
,,,,,,,,,,,
,,,,,,,,,,,
,,,,,,,,,,,
,,,,,,,,,,,
,,,,,,,,,,,
,,,,,,,,,,,
,,,,,,,,,,,
,,,,,,,,,,,
,,,,,,,,,,,
,,,,,,,,,,,
,,,,,,,,,,,
,,,,,,,,,,,
,,,,,,,,,,,
,,,,,,,,,,,
,,,,,,,,,,,
,,,,,,,,,,,
,,,,,,,,,,,
,,,,,,,,,,,
,,,,,,,,,,,
,,,,,,,,,,,
,,,,,,,,,,,
,,,,,,,,,,,
,,,,,,,,,,,
,,,,,,,,,,,
,,,,,,,,,,,
,,,,,,,,,,,
,,,,,,,,,,,
,,,,,,,,,,,
,,,,,,,,,,,
,,,,,,,,,,,
,,,,,,,,,,,
,,,,,,,,,,,
,,,,,,,,,,,
,,,,,,,,,,,
,,,,,,,,,,,
,,,,,,,,,,,
,,,,,,,,,,,
,,,,,,,,,,,
,,,,,,,,,,,
,,,,,,,,,,,
,,,,,,,,,,,
,,,,,,,,,,,
,,,,,,,,,,,
,,,,,,,,,,,
,,,,,,,,,,,
,,,,,,,,,,,
,,,,,,,,,,,
,,,,,,,,,,,
,,,,,,,,,,,
,,,,,,,,,,,
,,,,,,,,,,,
,,,,,,,,,,,
,,,,,,,,,,,
,,,,,,,,,,,
,,,,,,,,,,,
,,,,,,,,,,,
,,,,,,,,,,,
,,,,,,,,,,,
,,,,,,,,,,,
,,,,,,,,,,,
,,,,,,,,,,,
,,,,,,,,,,,
,,,,,,,,,,,
,,,,,,,,,,,
,,,,,,,,,,,
,,,,,,,,,,,
,,,,,,,,,,,
,,,,,,,,,,,
,,,,,,,,,,,
,,,,,,,,,,,
,,,,,,,,,,,
,,,,,,,,,,,
,,,,,,,,,,,
,,,,,,,,,,,
,,,,,,,,,,,
,,,,,,,,,,,
,,,,,,,,,,,
,,,,,,,,,,,
,,,,,,,,,,,
,,,,,,,,,,,
,,,,,,,,,,,
,,,,,,,,,,,
,,,,,,,,,,,
,,,,,,,,,,,
,,,,,,,,,,,
,,,,,,,,,,,
,,,,,,,,,,,
,,,,,,,,,,,
,,,,,,,,,,,
,,,,,,,,,,,
,,,,,,,,,,,
,,,,,,,,,,,
,,,,,,,,,,,
,,,,,,,,,,,
,,,,,,,,,,,
,,,,,,,,,,,
,,,,,,,,,,,
,,,,,,,,,,,
,,,,,,,,,,,
,,,,,,,,,,,
,,,,,,,,,,,
,,,,,,,,,,,
,,,,,,,,,,,
,,,,,,,,,,,
,,,,,,,,,,,
,,,,,,,,,,,
,,,,,,,,,,,
,,,,,,,,,,,
,,,,,,,,,,,
,,,,,,,,,,,
,,,,,,,,,,,
,,,,,,,,,,,
,,,,,,,,,,,
,,,,,,,,,,,
,,,,,,,,,,,
,,,,,,,,,,,
,,,,,,,,,,,
,,,,,,,,,,,
,,,,,,,,,,,
,,,,,,,,,,,
,,,,,,,,,,,
,,,,,,,,,,,
,,,,,,,,,,,
,,,,,,,,,,,
,,,,,,,,,,,
,,,,,,,,,,,
,,,,,,,,,,,
,,,,,,,,,,,
,,,,,,,,,,,
,,,,,,,,,,,
,,,,,,,,,,,
,,,,,,,,,,,
,,,,,,,,,,,
,,,,,,,,,,,
,,,,,,,,,,,
,,,,,,,,,,,
,,,,,,,,,,,
,,,,,,,,,,,
,,,,,,,,,,,
,,,,,,,,,,,
,,,,,,,,,,,
,,,,,,,,,,,
,,,,,,,,,,,
,,,,,,,,,,,
,,,,,,,,,,,
,,,,,,,,,,,
,,,,,,,,,,,
,,,,,,,,,,,
,,,,,,,,,,,
,,,,,,,,,,,
,,,,,,,,,,,
,,,,,,,,,,,
,,,,,,,,,,,
,,,,,,,,,,,
,,,,,,,,,,,
,,,,,,,,,,,
,,,,,,,,,,,
,,,,,,,,,,,
,,,,,,,,,,,
,,,,,,,,,,,
,,,,,,,,,,,
,,,,,,,,,,,
,,,,,,,,,,,
,,,,,,,,,,,
,,,,,,,,,,,
,,,,,,,,,,,
,,,,,,,,,,,
,,,,,,,,,,,
,,,,,,,,,,,
,,,,,,,,,,,
,,,,,,,,,,,
,,,,,,,,,,,
,,,,,,,,,,,
,,,,,,,,,,,
,,,,,,,,,,,
,,,,,,,,,,,
,,,,,,,,,,,
,,,,,,,,,,,
,,,,,,,,,,,
,,,,,,,,,,,
,,,,,,,,,,,
,,,,,,,,,,,
,,,,,,,,,,,
,,,,,,,,,,,
,,,,,,,,,,,
,,,,,,,,,,,
,,,,,,,,,,,
,,,,,,,,,,,
,,,,,,,,,,,
,,,,,,,,,,,
,,,,,,,,,,,
,,,,,,,,,,,
,,,,,,,,,,,
,,,,,,,,,,,
,,,,,,,,,,,
,,,,,,,,,,,
,,,,,,,,,,,
,,,,,,,,,,,
,,,,,,,,,,,
,,,,,,,,,,,
,,,,,,,,,,,
,,,,,,,,,,,
,,,,,,,,,,,
,,,,,,,,,,,
,,,,,,,,,,,
,,,,,,,,,,,
,,,,,,,,,,,
,,,,,,,,,,,
,,,,,,,,,,,
,,,,,,,,,,,
,,,,,,,,,,,
,,,,,,,,,,,
,,,,,,,,,,,
,,,,,,,,,,,
,,,,,,,,,,,
,,,,,,,,,,,
,,,,,,,,,,,
,,,,,,,,,,,
,,,,,,,,,,,
,,,,,,,,,,,
,,,,,,,,,,,
,,,,,,,,,,,
,,,,,,,,,,,
,,,,,,,,,,,
,,,,,,,,,,,
,,,,,,,,,,,
,,,,,,,,,,,
,,,,,,,,,,,
,,,,,,,,,,,
,,,,,,,,,,,
,,,,,,,,,,,
,,,,,,,,,,,
,,,,,,,,,,,
,,,,,,,,,,,
,,,,,,,,,,,
,,,,,,,,,,,
,,,,,,,,,,,
,,,,,,,,,,,
,,,,,,,,,,,
,,,,,,,,,,,
,,,,,,,,,,,
,,,,,,,,,,,
,,,,,,,,,,,
,,,,,,,,,,,
,,,,,,,,,,,
,,,,,,,,,,,
,,,,,,,,,,,
,,,,,,,,,,,
,,,,,,,,,,,
,,,,,,,,,,,
,,,,,,,,,,,
,,,,,,,,,,,
,,,,,,,,,,,
,,,,,,,,,,,
,,,,,,,,,,,
,,,,,,,,,,,
,,,,,,,,,,,
,,,,,,,,,,,
,,,,,,,,,,,
,,,,,,,,,,,
,,,,,,,,,,,
,,,,,,,,,,,
,,,,,,,,,,,
,,,,,,,,,,,
,,,,,,,,,,,
,,,,,,,,,,,
,,,,,,,,,,,
,,,,,,,,,,,
,,,,,,,,,,,
,,,,,,,,,,,
,,,,,,,,,,,
,,,,,,,,,,,
,,,,,,,,,,,
,,,,,,,,,,,
,,,,,,,,,,,
,,,,,,,,,,,
,,,,,,,,,,,
,,,,,,,,,,,
,,,,,,,,,,,
,,,,,,,,,,,
,,,,,,,,,,,
,,,,,,,,,,,
,,,,,,,,,,,
,,,,,,,,,,,
,,,,,,,,,,,
,,,,,,,,,,,
,,,,,,,,,,,
,,,,,,,,,,,
,,,,,,,,,,,
,,,,,,,,,,,
,,,,,,,,,,,
,,,,,,,,,,,
,,,,,,,,,,,
,,,,,,,,,,,
,,,,,,,,,,,
,,,,,,,,,,,
,,,,,,,,,,,
,,,,,,,,,,,
,,,,,,,,,,,
,,,,,,,,,,,
,,,,,,,,,,,
,,,,,,,,,,,
,,,,,,,,,,,
,,,,,,,,,,,
,,,,,,,,,,,
,,,,,,,,,,,
,,,,,,,,,,,
,,,,,,,,,,,
,,,,,,,,,,,
,,,,,,,,,,,
,,,,,,,,,,,
,,,,,,,,,,,
,,,,,,,,,,,
,,,,,,,,,,,
,,,,,,,,,,,
,,,,,,,,,,,
,,,,,,,,,,,
,,,,,,,,,,,
,,,,,,,,,,,
,,,,,,,,,,,
,,,,,,,-,,,,
,,,,,,,-,,,,
,,,,,,,-,,,,
,,,,,,,-,,,,
,,,,,,,-,,,,
,,,,,,,-,,,,
,,,,,,,-,,,,
,,,,,,,-,,,,
,,,,,,,-,,,,
,,,,,,,-,,,,
,,,,,,,-,,,,
,,,,,,,-,,,,
,,,,,,,-,,,,
,,,,,,,-,,,,
,,,,,,,-,,,,
,,,,,,,-,,,,
,,,,,,,-,,,,
,,,,,,,-,,,,
,,,,,,,-,,,,
,,,,,,,-,,,,
,,,,,,,-,,,,
,,,,,,,-,,,,
,,,,,,,-,,,,
,,,,,,,-,,,,
,,,,,,,-,,,,
,,,,,,,-,,,,
,,,,,,,-,,,,
,,,,,,,-,,,,
,,,,,,,-,,,,
,,,,,,,-,,,,
,,,,,,,-,,,,
,,,,,,,-,,,,
,,,,,,,-,,,,
,,,,,,,-,,,,
,,,,,,,-,,,,
,,,,,,,-,,,,
,,,,,,,-,,,,
,,,,,,,-,,,,
,,,,,,,-,,,,
,,,,,,,-,,,,
,,,,,,,-,,,,
,,,,,,,-,,,,
,,,,,,,-,,,,
,,,,,,,-,,,,
,,,,,,,-,,,,
,,,,,,,-,,,,
,,,,,,,-,,,,
,,,,,,,-,,,,
,,,,,,,-,,,,
,,,,,,,-,,,,
,,,,,,,-,,,,
,,,,,,,-,,,,
,,,,,,,-,,,,
,,,,,,,-,,,,
,,,,,,,-,,,,
,,,,,,,-,,,,
,,,,,,,-,,,,
,,,,,,,-,,,,
,,,,,,,-,,,,
,,,,,,,-,,,,
,,,,,,,-,,,,
,,,,,,,-,,,,
,,,,,,,-,,,,
,,,,,,,-,,,,
,,,,,,,-,,,,
,,,,,,,-,,,,
,,,,,,,-,,,,
,,,,,,,-,,,,
,,,,,,,-,,,,
,,,,,,,-,,,,
,,,,,,,-,,,,
,,,,,,,-,,,,
,,,,,,,-,,,,
,,,,,,,-,,,,
,,,,,,,-,,,,
,,,,,,,-,,,,
,,,,,,,-,,,,
,,,,,,,-,,,,
,,,,,,,-,,,,
,,,,,,,-,,,,
,,,,,,,-,,,,
,,,,,,,-,,,,
,,,,,,,-,,,,
,,,,,,,-,,,,
,,,,,,,-,,,,
,,,,,,,-,,,,
,,,,,,,-,,,,
,,,,,,,-,,,,
,,,,,,,-,,,,
,,,,,,,-,,,,
,,,,,,,-,,,,
,,,,,,,-,,,,
,,,,,,,-,,,,
,,,,,,,-,,,,
,,,,,,,-,,,,
,,,,,,,-,,,,
,,,,,,,-,,,,
,,,,,,,-,,,,
,,,,,,,-,,,,
,,,,,,,-,,,,
,,,,,,,-,,,,
,,,,,,,-,,,,
,,,,,,,-,,,,
,,,,,,,-,,,,
,,,,,,,-,,,,
,,,,,,,-,,,,
,,,,,,,-,,,,
,,,,,,,-,,,,
,,,,,,,-,,,,
,,,,,,,-,,,,
,,,,,,,-,,,,
,,,,,,,-,,,,
,,,,,,,-,,,,
,,,,,,,-,,,,
,,,,,,,-,,,,
,,,,,,,-,,,,
,,,,,,,-,,,,
,,,,,,,-,,,,
,,,,,,,-,,,,
,,,,,,,-,,,,
,,,,,,,-,,,,
,,,,,,,-,,,,
,,,,,,,-,,,,
,,,,,,,-,,,,
,,,,,,,-,,,,
,,,,,,,-,,,,
,,,,,,,-,,,,
,,,,,,,-,,,,
,,,,,,,-,,,,
,,,,,,,-,,,,
,,,,,,,-,,,,
,,,,,,,-,,,,
,,,,,,,-,,,,
,,,,,,,-,,,,
,,,,,,,-,,,,
,,,,,,,-,,,,
,,,,,,,-,,,,
,,,,,,,-,,,,
,,,,,,,-,,,,
,,,,,,,-,,,,
,,,,,,,-,,,,
,,,,,,,-,,,,
,,,,,,,-,,,,
,,,,,,,-,,,,
,,,,,,,-,,,,
,,,,,,,-,,,,
